,pickup_year,pickup_month,pickup_day,pickup_dayofweek,pickup_time,pickup_location_code,dropoff_location_code,trip_distance,trip_length,fare_amount,fees_amount,tolls_amount,tip_amount,total_amount,payment_type
0,2016,1,1,5,0,2,4,21.00,2037,52.00,0.80,5.54,11.65,69.99,1
1,2016,1,1,5,0,2,1,16.29,1520,45.00,1.30,0.00,8.00,54.30,1
2,2016,1,1,5,0,2,6,12.70,1462,36.50,1.30,0.00,0.00,37.80,2
3,2016,1,1,5,0,2,6,8.70,1210,26.00,1.30,0.00,5.46,32.76,1
4,2016,1,1,5,0,2,6,5.56,759,17.50,1.30,0.00,0.00,18.80,2
5,2016,1,1,5,0,4,2,21.45,2004,52.00,0.80,0.00,52.80,105.60,1
6,2016,1,1,5,0,2,6,8.45,927,24.50,1.30,0.00,6.45,32.25,1
7,2016,1,1,5,0,2,6,7.30,731,21.50,1.30,0.00,0.00,22.80,2
8,2016,1,1,5,0,2,5,36.30,2562,109.50,0.80,11.08,10.00,131.38,1
9,2016,1,1,5,0,6,2,12.46,1351,36.00,1.30,0.00,0.00,37.30,2
10,2016,1,1,5,1,4,2,16.60,1467,52.00,0.80,5.54,0.00,58.34,2
11,2016,1,1,5,1,6,3,5.23,854,17.00,1.30,0.00,0.00,18.30,2
12,2016,1,1,5,1,2,4,18.06,1588,52.00,0.80,5.54,11.67,70.01,1
13,2016,1,1,5,1,4,2,16.30,1484,52.00,0.80,5.54,0.00,58.34,2
14,2016,1,1,5,1,4,3,7.97,815,23.50,1.30,5.54,6.07,36.41,1
15,2016,1,1,5,1,4,3,12.09,1265,33.50,1.30,5.54,10.08,50.42,1
16,2016,1,1,5,1,2,4,17.30,1588,52.00,0.80,5.54,0.00,58.34,2
17,2016,1,1,5,1,2,1,13.74,2304,42.00,1.30,0.00,5.00,48.30,1
18,2016,1,1,5,1,4,2,17.57,1654,52.00,0.80,5.54,0.00,58.34,2
19,2016,1,1,5,1,4,3,9.50,1299,28.50,1.30,0.00,5.96,35.76,1
20,2016,1,1,5,1,4,3,9.30,1125,27.00,1.30,0.00,8.45,36.75,1
21,2016,1,1,5,1,4,3,10.10,1274,30.00,1.30,5.54,5.00,41.84,1
22,2016,1,1,5,1,2,4,20.57,1834,52.00,0.80,5.54,0.00,58.34,2
23,2016,1,1,5,1,4,3,7.90,873,23.50,0.80,5.54,0.00,29.84,2
24,2016,1,1,5,1,4,2,17.33,1561,52.00,0.80,0.00,10.56,63.36,1
25,2016,1,1,5,1,4,2,20.34,1860,52.00,0.80,5.54,11.67,70.01,1
26,2016,1,1,5,1,2,2,2.15,488,9.00,0.80,0.00,0.00,9.80,2
27,2016,1,1,5,1,2,1,9.51,1181,27.00,0.80,0.00,5.56,33.36,1
28,2016,1,1,5,1,2,6,8.09,986,24.50,0.80,0.00,3.70,29.00,1
29,2016,1,1,5,1,4,3,7.80,1134,24.00,0.80,0.00,0.00,24.80,2
30,2016,1,1,5,1,4,3,10.22,1187,29.50,0.80,0.00,4.00,34.30,1
31,2016,1,1,5,1,2,4,17.97,1492,52.00,0.80,0.00,0.00,52.80,2
32,2016,1,1,5,1,2,4,20.53,84474,52.00,0.80,5.54,5.83,64.17,1
33,2016,1,1,5,1,4,3,8.50,878,24.50,0.80,5.54,5.00,35.84,1
34,2016,1,1,5,1,2,4,16.43,1340,52.00,0.80,5.54,0.00,58.34,2
35,2016,1,1,5,1,4,3,10.50,1305,30.50,0.80,5.54,0.00,36.84,2
36,2016,1,1,5,1,2,4,17.96,2258,52.00,0.80,0.00,0.00,52.80,2
37,2016,1,1,5,1,4,2,16.97,1671,52.00,0.80,5.54,0.00,58.34,2
38,2016,1,1,5,1,2,3,11.40,965,31.00,0.80,0.00,6.35,38.15,1
39,2016,1,1,5,1,2,0,17.80,1634,49.00,0.80,5.54,0.00,55.34,2
40,2016,1,1,5,1,2,4,21.40,1654,52.00,0.80,5.54,5.00,63.34,1
41,2016,1,1,5,1,1,2,15.10,1528,42.00,0.80,0.00,10.00,52.80,1
42,2016,1,1,5,1,4,3,12.30,1063,33.50,0.80,5.54,0.00,39.84,2
43,2016,1,1,5,2,2,4,19.47,1458,52.00,0.80,5.54,11.67,70.01,1
44,2016,1,1,5,2,2,4,15.62,2271,52.00,0.80,0.00,10.56,63.36,1
45,2016,1,1,5,2,2,3,12.50,1033,34.50,0.80,0.00,3.00,38.30,1
46,2016,1,1,5,2,4,3,7.99,787,23.00,0.80,5.54,2.22,31.56,1
47,2016,1,1,5,2,4,3,8.96,1126,26.50,0.80,0.00,0.00,27.30,2
48,2016,1,1,5,2,2,6,4.70,620,15.00,0.80,0.00,0.00,15.80,2
49,2016,1,1,5,2,4,3,11.89,1252,33.50,0.80,5.54,7.97,47.81,1
50,2016,1,1,5,2,2,6,9.00,1111,26.50,0.80,0.00,0.00,27.30,2
51,2016,1,1,5,2,2,6,9.03,1075,26.00,0.80,0.00,0.00,26.80,2
52,2016,1,1,5,2,6,3,5.56,901,17.50,0.80,0.00,0.00,18.30,2
53,2016,1,1,5,2,3,6,4.84,749,16.00,0.80,0.00,2.00,18.80,1
54,2016,1,1,5,2,2,1,17.52,1585,47.00,0.80,0.00,0.00,47.80,2
55,2016,1,1,5,2,4,2,16.86,1403,52.00,0.80,5.54,11.67,70.01,1
56,2016,1,1,5,2,2,4,19.98,85360,52.00,0.80,0.00,0.00,52.80,2
57,2016,1,1,5,2,3,4,10.70,1062,29.50,0.80,5.54,7.15,42.99,1
58,2016,1,1,5,2,3,4,10.10,1154,29.00,0.80,5.54,0.00,35.34,2
59,2016,1,1,5,2,3,3,1.90,459,8.00,0.80,0.00,0.00,8.80,2
60,2016,1,1,5,2,2,4,18.91,1419,52.00,0.80,0.00,10.56,63.36,1
61,2016,1,1,5,2,3,1,11.99,1246,34.00,0.80,0.00,6.96,41.76,1
62,2016,1,1,5,2,2,1,13.20,1888,39.50,0.80,0.00,0.00,40.30,2
63,2016,1,1,5,2,3,6,16.34,2106,44.50,0.80,0.00,0.00,45.30,2
64,2016,1,1,5,2,3,1,11.22,1287,32.00,0.80,0.00,6.56,39.36,1
65,2016,1,1,5,2,2,1,13.69,1547,39.00,0.80,0.00,7.96,47.76,1
66,2016,1,1,5,2,3,4,10.10,1068,28.50,0.80,5.54,7.50,42.34,1
67,2016,1,1,5,2,4,2,17.90,1899,52.00,0.80,0.00,0.00,52.80,2
68,2016,1,1,5,2,2,1,20.05,1539,53.00,0.80,0.00,0.00,53.80,1
69,2016,1,1,5,2,4,2,17.64,1447,52.00,0.80,5.54,0.00,58.34,2
70,2016,1,1,5,2,3,0,9.09,1010,26.00,0.80,5.54,6.47,38.81,1
71,2016,1,1,5,2,4,3,11.70,973,32.50,0.80,5.54,0.00,38.84,2
72,2016,1,1,5,2,3,4,11.27,1149,32.00,0.80,0.00,2.00,34.80,1
73,2016,1,1,5,2,3,1,6.88,1134,21.50,0.80,0.00,4.46,26.76,1
74,2016,1,1,5,2,3,4,9.10,1010,26.50,0.80,5.54,0.00,32.84,2
75,2016,1,1,5,2,2,4,18.15,2051,52.00,0.80,0.00,0.00,52.80,2
76,2016,1,1,5,2,4,2,21.06,1953,52.00,0.80,0.00,15.00,67.80,1
77,2016,1,1,5,2,4,2,16.87,1452,52.00,0.80,0.00,2.00,54.80,1
78,2016,1,1,5,2,4,2,17.09,1427,52.00,0.80,5.54,0.00,58.34,2
79,2016,1,1,5,2,2,6,15.25,1278,41.50,0.80,0.00,0.00,42.30,2
80,2016,1,1,5,2,3,0,8.15,829,23.00,0.80,5.54,0.00,29.34,2
81,2016,1,1,5,2,3,4,10.42,987,29.00,0.80,5.54,7.07,42.41,1
82,2016,1,1,5,2,3,0,10.11,1048,29.00,0.80,5.54,0.00,35.34,2
83,2016,1,1,5,2,4,3,6.94,744,20.50,0.80,5.54,0.00,26.84,2
84,2016,1,1,5,2,2,6,3.36,513,12.00,0.80,0.00,0.00,12.80,2
85,2016,1,1,5,2,3,6,3.80,754,14.00,0.80,0.00,4.40,19.20,1
86,2016,1,1,5,2,4,2,20.26,1710,52.00,0.80,5.54,0.00,58.34,1
87,2016,1,1,5,2,3,4,11.32,956,31.00,0.80,5.54,5.00,42.34,1
88,2016,1,1,5,2,6,3,5.22,772,16.50,0.80,0.00,2.00,19.30,1
89,2016,1,1,5,2,3,4,9.39,1047,27.00,0.80,5.54,0.00,33.34,2
90,2016,1,1,5,2,4,3,9.83,995,28.00,0.80,5.54,0.00,34.34,2
91,2016,1,1,5,2,2,2,0.00,56,52.00,0.80,0.00,0.00,52.80,2
92,2016,1,1,5,3,4,3,11.28,1091,31.50,0.80,5.54,7.57,45.41,1
93,2016,1,1,5,3,2,4,18.15,2498,52.00,0.80,5.54,0.00,58.34,2
94,2016,1,1,5,3,2,4,20.17,1943,52.00,0.80,5.54,0.00,58.34,2
95,2016,1,1,5,3,2,4,20.70,2080,52.00,0.80,5.54,7.00,65.34,1
96,2016,1,1,5,3,4,2,15.69,1323,52.00,0.80,5.54,7.00,65.34,1
97,2016,1,1,5,3,2,6,15.05,1285,41.00,0.80,0.00,0.00,41.80,2
98,2016,1,1,5,3,4,3,9.40,1020,27.50,0.80,5.54,0.00,33.84,2
99,2016,1,1,5,3,2,4,20.91,1744,52.00,0.80,5.54,0.00,58.34,2
100,2016,1,1,5,3,3,1,17.70,2398,52.50,0.80,0.00,0.00,53.30,2
101,2016,1,1,5,3,4,3,8.60,861,25.00,0.80,5.54,7.80,39.14,1
102,2016,1,1,5,3,4,3,8.64,1113,25.00,0.80,5.54,6.27,37.61,1
103,2016,1,1,5,3,4,2,17.12,1729,52.00,0.80,5.54,11.67,70.01,1
104,2016,1,1,5,3,3,4,9.10,1039,26.50,0.80,5.54,8.20,41.04,1
105,2016,1,1,5,3,4,2,20.20,2194,52.00,0.80,5.54,11.65,69.99,1
106,2016,1,1,5,3,3,4,7.69,725,22.00,0.80,5.54,0.00,28.34,2
107,2016,1,1,5,3,4,3,8.73,990,25.50,0.80,5.54,3.00,34.84,1
108,2016,1,1,5,3,4,3,11.33,1326,32.00,0.80,5.54,7.67,46.01,1
109,2016,1,1,5,3,4,2,16.30,1532,52.00,0.80,0.00,0.00,52.80,2
110,2016,1,1,5,3,2,4,17.46,1595,52.00,0.80,5.54,11.67,70.01,1
111,2016,1,1,5,3,3,4,8.16,888,24.00,0.80,5.54,7.58,37.92,1
112,2016,1,1,5,3,3,6,5.48,580,16.50,0.80,0.00,3.46,20.76,1
113,2016,1,1,5,3,2,1,9.90,1019,29.00,0.80,0.00,0.00,29.80,2
114,2016,1,1,5,3,4,2,16.70,1433,52.00,0.80,0.00,0.00,52.80,2
115,2016,1,1,5,3,4,2,17.30,2160,52.00,0.80,5.54,0.00,58.34,2
116,2016,1,1,5,3,4,3,11.04,1320,32.00,0.80,5.54,7.67,46.01,1
117,2016,1,1,5,3,2,3,12.99,1094,35.50,0.80,0.00,0.00,36.30,2
118,2016,1,1,5,3,3,4,12.20,1824,37.50,0.80,5.54,8.75,52.59,1
119,2016,1,1,5,3,2,4,19.90,2291,52.00,0.80,5.54,0.00,58.34,2
120,2016,1,1,5,3,2,4,17.30,1882,52.00,0.80,5.54,10.00,68.34,1
121,2016,1,1,5,3,2,4,17.70,1840,52.00,0.80,5.54,7.00,65.34,1
122,2016,1,1,5,3,4,3,9.75,1069,28.00,0.80,5.54,0.00,34.34,2
123,2016,1,1,5,3,4,3,8.90,764,25.00,0.80,5.54,0.00,31.34,2
124,2016,1,1,5,3,3,6,7.28,832,21.50,0.80,0.00,0.00,22.30,2
125,2016,1,1,5,3,3,4,11.10,1684,34.00,0.80,5.54,6.00,46.34,1
126,2016,1,1,5,3,4,2,18.20,1518,52.00,0.80,5.54,10.00,68.34,1
127,2016,1,1,5,3,2,4,19.03,1645,52.00,0.80,5.54,0.00,58.34,2
128,2016,1,1,5,3,3,4,10.95,1389,31.50,0.80,5.54,9.46,47.30,1
129,2016,1,1,5,3,4,2,17.80,2620,52.00,0.80,0.00,0.00,52.80,2
130,2016,1,1,5,3,2,1,13.62,2331,42.00,0.80,0.00,8.56,51.36,1
131,2016,1,1,5,3,2,1,13.72,2304,42.50,0.80,0.00,6.70,50.00,1
132,2016,1,1,5,3,2,4,18.20,1906,52.00,0.80,0.00,0.00,52.80,2
133,2016,1,1,5,3,4,2,17.00,2039,52.00,0.80,5.54,0.00,58.34,2
134,2016,1,1,5,3,4,3,8.93,1266,26.50,0.80,5.54,4.00,36.84,1
135,2016,1,1,5,3,2,4,18.80,1862,52.00,0.80,5.54,10.00,68.34,1
136,2016,1,1,5,3,4,2,17.48,1856,52.00,0.80,5.54,0.00,58.34,2
137,2016,1,1,5,3,3,4,8.88,1148,26.50,0.80,5.54,0.00,32.84,2
138,2016,1,1,5,3,4,2,17.20,1641,52.00,0.80,5.54,11.65,69.99,1
139,2016,1,1,5,3,3,4,7.90,855,23.00,0.80,5.54,7.30,36.64,1
140,2016,1,1,5,3,2,1,11.00,1766,33.50,0.80,0.00,5.00,39.30,1
141,2016,1,1,5,3,2,4,18.00,2376,52.00,0.80,0.00,0.00,52.80,2
142,2016,1,1,5,3,4,3,10.70,1634,32.50,0.80,0.00,6.65,39.95,1
143,2016,1,1,5,3,4,3,6.22,777,19.00,0.80,5.54,5.07,30.41,1
144,2016,1,1,5,3,3,1,7.00,1059,21.50,0.80,0.00,4.45,26.75,1
145,2016,1,1,5,3,4,2,17.23,1530,52.00,0.80,5.54,0.00,58.34,2
146,2016,1,1,5,3,4,2,14.90,1594,52.00,0.80,5.54,0.00,58.34,2
147,2016,1,1,5,3,3,2,12.12,1089,33.50,0.80,0.00,0.00,34.30,2
148,2016,1,1,5,3,2,4,19.70,2117,52.00,0.80,5.54,0.00,58.34,2
149,2016,1,1,5,3,4,2,18.22,1797,52.00,0.80,5.54,0.00,58.34,2
150,2016,1,1,5,3,4,2,17.54,2015,52.00,0.80,5.54,4.00,62.34,1
151,2016,1,1,5,3,3,3,0.00,33,0.01,0.30,0.00,0.00,0.31,4
152,2016,1,1,5,3,3,4,10.44,1141,30.00,0.80,5.54,0.00,36.34,2
153,2016,1,1,5,3,3,6,2.95,543,10.50,0.80,0.00,2.26,13.56,1
154,2016,1,1,5,3,2,4,20.90,4134,52.00,0.80,0.00,0.00,52.80,2
155,2016,1,1,5,3,2,4,19.40,2316,52.00,0.80,5.54,13.00,71.34,1
156,2016,1,1,5,3,3,4,10.66,1648,32.50,0.80,5.54,0.00,38.84,2
157,2016,1,1,5,3,4,2,17.03,1762,52.00,0.80,5.54,0.00,58.34,2
158,2016,1,1,5,3,2,6,5.70,978,19.50,0.80,0.00,0.00,20.30,2
159,2016,1,1,5,3,2,4,17.60,2330,52.00,0.80,0.00,0.00,52.80,2
160,2016,1,1,5,3,3,4,9.00,943,25.50,0.80,5.54,6.35,38.19,1
161,2016,1,1,5,3,4,2,17.20,1801,52.00,0.80,5.54,5.00,63.34,1
162,2016,1,1,5,3,2,4,19.29,2026,52.00,0.80,5.54,0.00,58.34,2
163,2016,1,1,5,3,4,2,18.30,2259,52.00,0.80,0.00,10.55,63.35,1
164,2016,1,1,5,3,2,6,14.20,2041,41.50,0.80,0.00,0.00,42.30,2
165,2016,1,1,5,3,4,2,16.60,1804,52.00,0.80,5.54,0.00,58.34,2
166,2016,1,1,5,3,2,4,16.60,1638,52.00,0.80,5.54,0.00,58.34,2
167,2016,1,1,5,3,4,3,12.12,2207,41.00,0.80,5.54,0.00,47.34,2
168,2016,1,1,5,3,4,2,15.86,1847,52.00,0.80,0.00,15.84,68.64,1
169,2016,1,1,5,3,2,4,18.32,3264,52.00,0.80,5.54,0.00,58.34,2
170,2016,1,1,5,3,3,4,10.23,1181,29.50,0.80,5.54,0.00,35.84,2
171,2016,1,1,5,3,2,4,20.53,2561,52.00,0.80,5.54,14.58,72.92,1
172,2016,1,1,5,3,4,2,17.03,2363,52.00,0.80,5.54,0.00,58.34,2
173,2016,1,1,5,3,4,2,16.71,1647,52.00,0.80,5.54,11.67,70.01,1
174,2016,1,1,5,3,2,4,18.50,2392,52.00,0.80,5.54,0.00,58.34,2
175,2016,1,1,5,3,2,4,17.90,1927,52.00,0.80,5.54,14.58,72.92,1
176,2016,1,1,5,3,2,1,12.24,2025,36.50,0.80,0.00,0.00,37.30,2
177,2016,1,1,5,3,2,6,12.60,1980,37.50,0.80,0.00,0.00,38.30,2
178,2016,1,1,5,3,4,3,10.24,1125,29.00,0.80,0.00,5.96,35.76,1
179,2016,1,1,5,3,4,2,16.90,1985,52.00,0.80,0.00,5.55,58.35,1
180,2016,1,1,5,3,2,1,14.05,2354,43.00,0.80,0.00,8.76,52.56,1
181,2016,1,1,5,3,2,4,19.60,2114,52.00,0.80,5.54,11.67,70.01,1
182,2016,1,1,5,3,3,4,8.90,1430,28.50,0.80,0.00,0.00,29.30,2
183,2016,1,1,5,3,4,3,11.13,1575,34.00,0.80,5.54,10.08,50.42,1
184,2016,1,1,5,3,3,4,10.90,1859,35.50,0.80,5.54,12.55,54.39,1
185,2016,1,1,5,3,3,4,9.10,847,26.00,0.80,0.00,0.00,26.80,2
186,2016,1,1,5,3,4,3,10.91,1373,32.00,0.80,5.54,0.00,38.34,2
187,2016,1,1,5,3,4,3,11.88,1665,34.00,0.80,5.54,8.07,48.41,1
188,2016,1,1,5,3,3,4,12.42,1554,36.00,0.80,0.00,7.36,44.16,1
189,2016,1,1,5,4,6,2,2.49,337,9.00,0.80,0.00,0.00,9.80,2
190,2016,1,1,5,4,2,6,6.80,1063,21.50,0.80,0.00,0.00,22.30,2
191,2016,1,1,5,4,4,3,14.67,1371,40.00,0.80,5.54,8.00,54.34,1
192,2016,1,1,5,4,2,4,18.91,2661,52.00,0.80,5.54,11.67,70.01,1
193,2016,1,1,5,4,2,4,18.15,2333,52.00,0.80,5.54,0.00,58.34,2
194,2016,1,1,5,4,3,1,13.09,1571,37.00,0.80,0.00,5.00,42.80,1
195,2016,1,1,5,4,2,1,20.80,2476,57.50,0.80,0.00,11.66,69.96,1
196,2016,1,1,5,4,3,4,10.66,1360,30.00,0.80,5.54,7.27,43.61,1
197,2016,1,1,5,4,2,4,18.17,1984,52.00,0.80,5.54,11.67,70.01,1
198,2016,1,1,5,4,2,4,18.21,2347,52.00,0.80,5.54,11.67,70.01,1
199,2016,1,1,5,4,3,6,5.03,26683,16.50,0.80,0.00,0.00,17.30,2
200,2016,1,1,5,4,4,2,18.70,2101,52.00,0.80,0.00,0.00,52.80,2
201,2016,1,1,5,4,2,2,34.50,3874,52.00,0.80,5.54,0.00,58.34,2
202,2016,1,1,5,4,3,4,8.85,1946,30.50,0.80,0.00,0.00,31.30,2
203,2016,1,1,5,4,4,2,21.20,2099,52.00,0.80,5.54,0.00,58.34,2
204,2016,1,1,5,4,2,2,1.20,426,7.00,1.80,0.00,2.64,11.44,1
205,2016,1,1,5,4,2,4,17.19,2594,52.00,0.80,5.54,14.58,72.92,1
206,2016,1,1,5,4,4,2,18.90,2004,52.00,0.80,5.54,0.00,58.34,2
207,2016,1,1,5,4,2,4,19.91,2073,52.00,0.80,0.00,10.56,63.36,1
208,2016,1,1,5,4,3,6,5.10,633,16.00,1.80,0.00,0.00,17.80,2
209,2016,1,1,5,4,3,4,8.41,1308,26.00,0.80,5.54,6.00,38.34,1
210,2016,1,1,5,4,3,4,9.80,1376,29.00,0.80,5.54,0.00,35.34,2
211,2016,1,1,5,4,3,4,10.10,1274,29.50,0.80,0.00,6.05,36.35,1
212,2016,1,1,5,4,4,3,12.95,1372,36.50,0.80,0.00,7.46,44.76,1
213,2016,1,1,5,4,4,3,10.40,1676,31.50,0.80,5.54,7.00,44.84,1
214,2016,1,1,5,4,2,4,20.30,2726,52.00,0.80,5.54,5.00,63.34,1
215,2016,1,1,5,4,4,3,9.18,1098,27.00,0.80,5.54,0.00,33.34,2
216,2016,1,1,5,4,2,1,11.20,1886,34.50,0.80,0.00,8.82,44.12,1
217,2016,1,1,5,4,3,1,7.22,943,21.50,0.80,0.00,0.00,22.30,2
218,2016,1,1,5,4,3,6,7.10,1123,22.00,0.80,0.00,1.00,23.80,1
219,2016,1,1,5,4,3,4,16.01,1510,43.00,0.80,5.54,9.87,59.21,1
220,2016,1,1,5,4,4,2,17.64,2093,52.00,0.80,5.54,0.00,58.34,2
221,2016,1,1,5,4,3,3,5.40,74,80.00,0.30,0.00,24.05,104.35,1
222,2016,1,1,5,4,2,4,16.60,1924,52.00,0.80,5.54,11.65,69.99,1
223,2016,1,1,5,4,2,4,18.49,2119,52.00,0.80,5.54,11.67,70.01,1
224,2016,1,1,5,4,3,6,3.46,765,13.50,0.80,0.00,0.00,14.30,2
225,2016,1,1,5,4,3,6,2.13,364,8.50,0.80,0.00,1.86,11.16,1
226,2016,1,1,5,4,2,4,17.65,2289,52.00,0.80,5.54,0.00,58.34,2
227,2016,1,1,5,4,3,4,12.30,1334,34.50,0.80,5.54,10.21,51.05,1
228,2016,1,1,5,4,3,4,9.30,1384,28.00,0.80,5.54,5.00,39.34,1
229,2016,1,1,5,4,2,1,24.60,2345,65.00,0.80,0.00,0.00,65.80,2
230,2016,1,1,5,4,2,4,19.70,2433,52.00,0.80,0.00,13.20,66.00,1
231,2016,1,1,5,4,2,6,2.50,451,9.50,1.80,0.00,2.25,13.55,1
232,2016,1,1,5,4,2,4,17.91,2077,52.00,0.80,5.54,11.67,70.01,1
233,2016,1,1,5,4,2,1,15.70,2076,44.50,0.80,0.00,5.00,50.30,1
234,2016,1,1,5,4,4,2,18.43,1795,52.00,0.80,0.00,0.00,52.80,2
235,2016,1,1,5,4,2,4,18.60,2548,52.00,0.80,5.54,0.00,58.34,2
236,2016,1,1,5,4,2,1,18.19,2114,50.00,0.80,0.00,5.00,55.80,1
237,2016,1,1,5,4,3,4,11.39,1577,34.00,0.80,5.54,9.00,49.34,1
238,2016,1,1,5,4,4,2,18.40,2293,52.00,0.80,0.00,0.00,52.80,2
239,2016,1,1,5,4,3,4,12.52,1431,35.50,0.80,5.54,0.00,41.84,2
240,2016,1,1,5,4,2,1,13.90,2320,42.50,0.80,0.00,0.00,43.30,2
241,2016,1,1,5,4,4,2,20.50,2043,52.00,0.80,5.54,5.00,63.34,1
242,2016,1,1,5,4,2,4,20.60,2279,52.00,0.80,5.54,0.00,58.34,2
243,2016,1,1,5,4,4,2,16.68,1525,52.00,0.80,5.54,0.00,58.34,2
244,2016,1,1,5,4,2,4,20.20,2437,52.00,0.80,5.54,11.65,69.99,1
245,2016,1,1,5,4,3,1,10.60,1589,32.50,1.80,0.00,6.85,41.15,1
246,2016,1,1,5,4,4,2,17.33,1456,52.00,0.80,5.54,0.00,58.34,2
247,2016,1,1,5,4,3,6,3.34,944,13.50,0.80,0.00,3.58,17.88,1
248,2016,1,1,5,4,3,1,9.81,1588,30.50,0.80,0.00,0.00,31.30,2
249,2016,1,1,5,4,2,4,19.30,2370,52.00,0.80,5.54,10.00,68.34,1
250,2016,1,1,5,4,3,1,7.62,853,22.00,0.80,0.00,3.00,25.80,1
251,2016,1,1,5,4,2,4,19.08,2363,52.00,0.80,5.54,7.00,65.34,1
252,2016,1,1,5,4,3,4,11.50,1628,34.50,0.80,5.54,8.15,48.99,1
253,2016,1,1,5,4,2,4,16.63,2235,52.00,0.80,5.54,0.00,58.34,2
254,2016,1,1,5,4,2,4,17.60,2497,52.00,0.80,5.54,0.00,58.34,2
255,2016,1,1,5,4,2,1,10.79,1588,32.00,0.80,0.00,0.00,32.80,2
256,2016,1,1,5,4,2,4,17.30,2236,52.00,0.80,0.00,10.55,63.35,1
257,2016,1,1,5,4,3,4,9.20,1274,28.00,1.80,5.54,0.00,35.34,2
258,2016,1,1,5,4,2,4,20.26,2354,52.00,0.80,5.54,11.67,70.01,1
259,2016,1,1,5,4,2,6,5.15,974,18.50,0.80,0.00,0.00,19.30,2
260,2016,1,1,5,4,3,6,5.73,708,17.50,0.80,0.00,0.00,18.30,2
261,2016,1,1,5,4,3,6,4.36,767,14.50,0.80,0.00,3.06,18.36,1
262,2016,1,1,5,4,4,3,8.21,852,23.50,0.80,5.54,5.97,35.81,1
263,2016,1,1,5,4,4,2,19.52,1719,52.00,0.80,5.54,0.00,58.34,2
264,2016,1,1,5,4,3,0,12.70,1213,35.50,0.80,5.54,8.36,50.20,1
265,2016,1,1,5,4,3,1,10.17,1271,30.00,0.80,0.00,0.00,30.80,2
266,2016,1,1,5,4,2,4,20.86,2530,52.00,0.80,5.54,5.00,63.34,1
267,2016,1,1,5,4,3,1,8.57,1422,26.50,0.80,0.00,5.46,32.76,1
268,2016,1,1,5,4,3,4,13.65,1401,37.50,0.80,5.54,0.00,43.84,2
269,2016,1,1,5,4,2,4,20.75,2196,52.00,0.80,5.54,10.00,68.34,1
270,2016,1,1,5,4,4,2,16.60,1459,52.00,0.80,5.54,11.65,69.99,1
271,2016,1,1,5,4,3,4,7.18,943,22.00,0.80,5.54,0.00,28.34,2
272,2016,1,1,5,4,3,4,9.90,1479,30.50,1.30,5.54,0.00,37.34,2
273,2016,1,1,5,4,3,4,9.76,1002,27.50,0.80,5.54,6.77,40.61,1
274,2016,1,1,5,4,2,4,16.90,1439,52.00,0.80,5.54,11.65,69.99,1
275,2016,1,1,5,4,2,6,15.90,2370,44.50,1.80,0.00,0.00,46.30,2
276,2016,1,1,5,5,2,4,19.47,1842,52.00,0.80,5.54,0.00,58.34,2
277,2016,1,1,5,5,2,4,20.03,2039,52.00,0.80,0.00,10.56,63.36,1
278,2016,1,1,5,5,2,4,16.04,1397,52.00,0.80,5.54,17.50,75.84,1
279,2016,1,1,5,5,2,4,18.10,1849,52.00,0.80,11.08,6.00,69.88,1
280,2016,1,1,5,5,3,4,9.07,1237,27.00,1.30,5.54,6.77,40.61,1
281,2016,1,1,5,5,2,4,18.02,2439,52.00,0.80,0.00,9.00,61.80,1
282,2016,1,1,5,5,2,4,19.88,1830,52.00,0.80,5.54,11.67,70.01,1
283,2016,1,1,5,5,2,4,17.80,1634,52.00,0.80,5.54,14.58,72.92,1
284,2016,1,1,5,5,2,4,18.05,2286,52.00,0.80,0.00,0.00,52.80,2
285,2016,1,1,5,5,3,1,6.79,857,20.50,1.30,0.00,0.00,21.80,2
286,2016,1,1,5,5,3,6,8.81,868,25.00,1.30,0.00,0.00,26.30,2
287,2016,1,1,5,5,2,1,11.00,1628,32.50,1.30,0.00,4.50,38.30,1
288,2016,1,1,5,5,2,4,17.30,1828,52.00,0.80,5.54,0.00,58.34,2
289,2016,1,1,5,5,2,4,17.41,1541,52.00,0.80,5.54,5.00,63.34,1
290,2016,1,1,5,5,3,1,7.60,1036,23.00,1.30,0.00,0.00,24.30,2
291,2016,1,1,5,5,2,4,20.38,2079,52.00,0.80,5.54,11.67,70.01,1
292,2016,1,1,5,5,3,6,2.30,459,9.50,1.30,0.00,0.00,10.80,2
293,2016,1,1,5,5,2,4,18.50,1722,52.00,0.80,5.54,11.65,69.99,1
294,2016,1,1,5,5,3,1,15.63,1385,43.00,1.30,0.00,0.00,44.30,2
295,2016,1,1,5,5,3,4,8.30,1136,25.00,1.30,5.54,6.35,38.19,1
296,2016,1,1,5,5,3,4,9.63,1216,28.50,1.30,5.54,7.07,42.41,1
297,2016,1,1,5,5,4,2,15.90,1501,52.00,0.80,5.54,0.00,58.34,2
298,2016,1,1,5,5,2,4,18.63,2123,52.00,0.80,5.54,6.00,64.34,1
299,2016,1,1,5,5,2,4,21.43,2989,52.00,0.80,0.00,13.20,66.00,1
300,2016,1,1,5,5,3,1,7.94,961,23.50,1.30,0.00,4.96,29.76,1
301,2016,1,1,5,5,2,1,20.31,1661,54.00,1.30,0.00,13.82,69.12,1
302,2016,1,1,5,5,2,4,18.60,2460,52.00,0.80,0.00,0.00,52.80,2
303,2016,1,1,5,5,3,4,7.94,1134,24.00,1.30,5.54,6.17,37.01,1
304,2016,1,1,5,5,3,4,9.06,1274,28.00,1.30,5.54,6.97,41.81,1
305,2016,1,1,5,5,3,4,11.72,1850,37.00,1.30,5.54,10.96,54.80,1
306,2016,1,1,5,5,3,4,11.27,1415,33.00,1.30,5.54,5.60,45.44,1
307,2016,1,1,5,5,3,1,8.00,1265,26.00,1.30,0.00,5.45,32.75,1
308,2016,1,1,5,5,2,6,21.07,2211,52.00,0.80,0.00,0.00,52.80,2
309,2016,1,1,5,5,2,2,0.63,192,4.50,1.30,0.00,1.16,6.96,1
310,2016,1,1,5,5,2,4,18.08,1611,52.00,0.80,5.54,10.00,68.34,1
311,2016,1,1,5,5,2,1,13.76,2142,41.00,1.30,0.00,8.46,50.76,1
312,2016,1,1,5,5,3,1,9.84,1346,29.00,1.30,0.00,0.00,30.30,2
313,2016,1,1,5,5,2,6,7.22,988,22.00,1.30,0.00,3.00,26.30,1
314,2016,1,1,5,5,3,4,8.20,832,23.00,1.30,5.54,5.95,35.79,1
315,2016,1,1,5,5,3,4,10.10,1132,29.00,1.30,5.54,0.00,35.84,2
316,2016,1,1,5,5,3,4,12.70,1427,36.00,1.30,0.00,7.45,44.75,1
317,2016,1,1,5,5,2,1,10.20,1721,33.00,1.30,0.00,0.00,34.30,2
318,2016,1,1,5,5,3,4,9.81,1126,28.00,1.30,5.54,6.97,41.81,1
319,2016,1,1,5,5,3,4,10.14,1490,31.00,1.30,5.54,7.57,45.41,1
320,2016,1,1,5,5,2,1,20.72,1991,56.00,1.30,0.00,11.46,68.76,1
321,2016,1,1,5,5,2,1,16.16,1466,44.00,1.30,0.00,13.59,58.89,1
322,2016,1,1,5,5,3,6,3.73,691,13.50,1.30,0.00,0.00,14.80,2
323,2016,1,1,5,5,3,4,10.32,1482,31.00,1.30,0.00,5.00,37.30,1
324,2016,1,1,5,5,3,4,12.90,1345,36.00,1.30,0.00,11.15,48.45,1
325,2016,1,1,5,5,2,4,17.35,1740,52.00,0.80,5.54,0.00,58.34,2
326,2016,1,1,5,5,3,6,3.07,389,10.50,1.30,0.00,0.00,11.80,2
327,2016,1,1,5,5,2,4,17.80,1736,52.00,0.80,5.54,14.58,72.92,1
328,2016,1,1,5,5,3,6,3.03,828,12.00,1.30,0.00,3.99,17.29,1
329,2016,1,1,5,5,2,1,15.12,1615,42.00,1.30,0.00,8.66,51.96,1
330,2016,1,1,5,5,2,4,18.80,1731,52.00,0.80,5.54,10.00,68.34,1
331,2016,1,1,5,5,2,1,16.78,1929,47.00,1.30,0.00,0.00,48.30,2
332,2016,1,1,5,5,2,4,21.77,2370,52.00,0.80,5.54,10.56,68.90,1
333,2016,1,1,5,5,2,4,20.00,1929,52.00,0.80,0.00,0.00,52.80,2
334,2016,1,1,5,5,3,1,12.13,1144,34.00,1.30,0.00,5.30,40.60,1
335,2016,1,1,5,5,2,1,16.57,1795,46.00,1.30,0.00,9.46,56.76,1
336,2016,1,1,5,5,3,6,3.32,418,11.00,1.30,0.00,3.69,15.99,1
337,2016,1,1,5,5,2,1,8.30,946,24.50,1.30,0.00,0.00,25.80,2
338,2016,1,1,5,5,2,4,20.75,1897,52.00,0.80,0.00,13.20,66.00,1
339,2016,1,1,5,5,2,1,17.44,1705,47.50,1.30,0.00,5.00,53.80,1
340,2016,1,1,5,5,3,4,6.90,764,20.50,1.30,5.54,0.00,27.34,2
341,2016,1,1,5,5,2,1,21.33,2140,58.00,1.30,0.00,11.86,71.16,1
342,2016,1,1,5,5,2,4,20.90,2226,52.00,0.80,5.54,11.67,70.01,1
343,2016,1,1,5,5,3,4,9.73,1436,29.50,1.30,5.54,7.27,43.61,1
344,2016,1,1,5,5,2,4,18.30,1685,52.00,0.80,5.54,11.67,70.01,1
345,2016,1,1,5,5,3,1,10.70,1402,31.50,1.30,0.00,4.50,37.30,1
346,2016,1,1,5,5,2,4,18.70,1806,52.00,0.80,5.54,11.65,69.99,1
347,2016,1,1,5,5,3,4,10.40,1203,29.50,1.30,0.00,0.00,30.80,2
348,2016,1,1,5,5,3,1,10.00,1117,28.50,1.30,0.00,7.45,37.25,1
349,2016,1,1,5,5,2,6,5.44,913,18.00,1.30,0.00,0.00,19.30,1
350,2016,1,1,5,5,3,4,10.62,1312,30.50,1.30,5.54,7.47,44.81,1
351,2016,1,1,5,5,3,1,7.02,740,20.50,1.30,0.00,2.50,24.30,1
352,2016,1,1,5,5,2,4,19.20,1812,52.00,0.80,5.54,14.55,72.89,1
353,2016,1,1,5,5,3,1,12.90,1185,35.50,1.30,0.00,7.35,44.15,1
354,2016,1,1,5,5,3,1,10.60,1291,31.00,1.30,0.00,4.00,36.30,1
355,2016,1,1,5,5,2,7,22.78,1821,60.50,1.30,11.08,0.00,72.88,2
356,2016,1,1,5,5,3,6,4.50,759,14.50,1.30,0.00,0.00,15.80,2
357,2016,1,1,5,5,2,2,1.46,406,7.00,1.30,0.00,0.00,8.30,2
358,2016,1,1,5,5,3,0,10.26,1047,28.50,1.30,0.00,0.00,29.80,2
359,2016,1,1,5,5,3,4,9.80,908,27.50,1.30,5.54,6.87,41.21,1
360,2016,1,1,5,5,3,4,10.79,1442,31.50,1.30,5.54,7.67,46.01,1
361,2016,1,1,5,5,3,4,10.55,1325,31.00,1.30,0.00,6.46,38.76,1
362,2016,1,1,5,5,2,4,18.30,1745,52.00,0.80,5.54,7.00,65.34,1
363,2016,1,1,5,5,2,6,5.82,570,17.50,1.30,0.00,0.00,18.80,2
364,2016,1,1,5,5,2,4,17.70,1538,52.00,0.80,5.54,11.65,69.99,1
365,2016,1,1,5,5,2,6,9.64,1112,27.50,1.30,0.00,7.20,36.00,1
366,2016,1,1,5,5,2,4,19.30,2060,52.00,0.80,5.54,10.00,68.34,1
367,2016,1,2,6,0,2,4,19.91,1583,52.00,0.80,0.00,10.56,63.36,1
368,2016,1,2,6,0,3,4,9.65,957,27.50,1.30,0.00,0.00,28.80,1
369,2016,1,2,6,0,3,1,13.33,1336,37.00,1.30,0.00,7.66,45.96,1
370,2016,1,2,6,0,2,6,10.40,1448,30.50,1.30,0.00,0.00,31.80,2
371,2016,1,2,6,0,2,6,8.71,838,24.50,1.30,0.00,0.00,25.80,2
372,2016,1,2,6,0,2,0,26.29,1935,68.50,1.30,5.54,0.00,75.34,2
373,2016,1,2,6,0,2,1,16.40,1798,46.50,1.30,0.00,9.56,57.36,1
374,2016,1,2,6,0,2,4,18.32,1702,52.00,0.80,5.54,5.00,63.34,1
375,2016,1,2,6,0,2,4,16.60,1385,52.00,0.80,0.00,10.55,63.35,1
376,2016,1,2,6,0,2,6,13.40,1216,36.50,1.30,0.00,3.00,40.80,1
377,2016,1,2,6,0,2,1,16.21,1378,43.50,1.30,0.00,7.00,51.80,1
378,2016,1,2,6,0,2,4,21.94,1915,52.00,0.80,0.00,0.00,52.80,2
379,2016,1,2,6,0,2,4,18.12,1764,52.00,0.80,5.54,0.00,58.34,2
380,2016,1,2,6,0,2,4,18.00,1509,52.00,0.80,5.54,12.00,70.34,1
381,2016,1,2,6,0,4,3,13.40,1314,38.00,1.30,0.00,0.00,39.30,2
382,2016,1,2,6,0,3,4,9.50,1022,27.00,1.30,5.54,6.75,40.59,1
383,2016,1,2,6,0,2,1,11.94,1825,35.50,1.30,0.00,7.36,44.16,1
384,2016,1,2,6,0,4,3,10.93,1470,31.50,1.30,0.00,0.00,32.80,2
385,2016,1,2,6,0,4,2,19.19,1916,52.00,0.80,0.00,0.00,52.80,2
386,2016,1,2,6,0,4,2,19.90,1705,52.00,0.80,5.54,11.66,70.00,1
387,2016,1,2,6,0,4,2,17.70,1481,52.00,0.80,5.54,0.00,58.34,1
388,2016,1,2,6,0,4,2,18.20,1626,52.00,0.80,0.00,0.00,52.80,2
389,2016,1,2,6,1,4,3,13.30,1182,37.00,1.30,0.00,7.65,45.95,1
390,2016,1,2,6,1,4,2,17.52,1441,52.00,0.80,5.54,11.67,70.01,1
391,2016,1,2,6,1,4,3,8.30,1081,25.00,1.30,0.00,0.00,26.30,2
392,2016,1,2,6,1,4,3,8.90,1114,26.00,1.30,0.00,3.00,30.30,1
393,2016,1,2,6,1,4,3,9.19,993,26.50,1.30,5.54,6.67,40.01,1
394,2016,1,2,6,1,4,2,18.02,1654,52.00,0.80,5.54,11.67,70.01,1
395,2016,1,2,6,1,4,2,18.35,1765,52.00,0.80,0.00,0.00,52.80,2
396,2016,1,2,6,1,4,2,17.00,1573,52.00,0.80,0.00,10.55,63.35,1
397,2016,1,2,6,1,4,3,10.71,1590,33.50,1.30,5.54,0.00,40.34,2
398,2016,1,2,6,1,4,2,16.84,1233,52.00,0.80,5.54,11.67,70.01,1
399,2016,1,2,6,1,4,2,15.99,1371,52.00,0.80,0.00,10.56,63.36,1
400,2016,1,2,6,1,2,1,16.47,1430,44.50,1.30,0.00,9.16,54.96,1
401,2016,1,2,6,1,4,2,16.61,1550,52.00,0.80,0.00,0.00,52.80,2
402,2016,1,2,6,1,2,2,2.00,413,8.50,1.30,0.00,0.00,9.80,2
403,2016,1,2,6,1,2,6,14.30,1197,39.00,1.30,0.00,0.00,40.30,2
404,2016,1,2,6,1,4,2,18.40,1596,52.00,0.80,5.54,6.00,64.34,1
405,2016,1,2,6,1,2,4,18.50,1731,52.00,0.80,5.54,0.00,58.34,2
406,2016,1,2,6,1,2,4,18.93,1566,52.00,0.80,5.54,14.58,72.92,1
407,2016,1,2,6,1,4,2,21.20,1848,52.00,0.80,0.00,0.00,52.80,2
408,2016,1,2,6,1,4,2,18.38,1904,52.00,0.80,0.00,10.56,63.36,1
409,2016,1,2,6,1,2,1,13.16,1880,38.50,0.80,0.00,0.00,39.30,2
410,2016,1,2,6,1,2,1,13.36,1245,37.00,0.80,0.00,0.00,37.80,2
411,2016,1,2,6,1,4,2,17.76,1487,52.00,0.80,5.54,6.00,64.34,1
412,2016,1,2,6,1,4,3,8.50,690,23.50,0.80,5.54,0.00,29.84,2
413,2016,1,2,6,1,2,4,22.40,1824,52.00,0.80,5.54,0.00,58.34,2
414,2016,1,2,6,1,2,2,0.06,19,52.00,0.80,5.54,5.00,63.34,1
415,2016,1,2,6,1,2,4,19.50,1889,52.00,0.80,0.00,10.55,63.35,1
416,2016,1,2,6,1,4,3,8.80,1285,26.50,0.80,0.00,5.45,32.75,1
417,2016,1,2,6,1,2,4,16.30,1512,52.00,0.80,5.54,6.00,64.34,1
418,2016,1,2,6,1,2,1,13.10,2043,39.00,0.80,0.00,7.95,47.75,1
419,2016,1,2,6,1,4,2,17.70,1773,52.00,0.80,5.54,5.00,63.34,1
420,2016,1,2,6,1,4,3,10.50,1328,30.50,0.80,5.54,0.00,36.84,2
421,2016,1,2,6,1,4,3,0.00,1544,15.00,0.80,5.54,4.27,25.61,1
422,2016,1,2,6,1,2,4,17.80,1618,52.00,0.80,5.54,8.00,66.34,1
423,2016,1,2,6,1,4,2,18.74,1925,52.00,0.80,0.00,10.56,63.36,1
424,2016,1,2,6,1,2,2,0.42,92,52.00,0.80,5.54,11.67,70.01,1
425,2016,1,2,6,1,2,1,16.20,1889,52.00,0.80,0.00,13.20,66.00,1
426,2016,1,2,6,1,2,4,17.36,1542,52.00,0.80,5.54,11.67,70.01,1
427,2016,1,2,6,1,4,2,17.07,1586,52.00,0.80,5.54,0.00,58.34,2
428,2016,1,2,6,1,2,1,21.46,1859,58.00,0.80,0.00,4.00,62.80,1
429,2016,1,2,6,1,2,6,5.97,786,18.50,0.80,0.00,0.00,19.30,2
430,2016,1,2,6,1,4,2,17.70,1608,52.00,0.80,5.54,11.65,69.99,1
431,2016,1,2,6,1,2,6,14.44,1326,40.00,0.80,0.00,8.16,48.96,1
432,2016,1,2,6,1,2,1,9.50,1127,27.50,0.80,0.00,5.65,33.95,1
433,2016,1,2,6,1,2,4,16.60,1421,52.00,0.80,5.54,14.55,72.89,1
434,2016,1,2,6,1,4,3,10.20,853,28.00,0.80,5.54,6.85,41.19,1
435,2016,1,2,6,1,4,2,20.50,1864,52.00,0.80,5.54,0.00,58.34,2
436,2016,1,2,6,2,4,2,17.21,1357,52.00,0.80,5.54,0.00,58.34,2
437,2016,1,2,6,2,2,4,16.50,1392,52.00,0.80,5.54,0.00,58.34,2
438,2016,1,2,6,2,2,6,10.20,1352,30.00,0.80,0.00,6.15,36.95,1
439,2016,1,2,6,2,3,4,13.94,1504,39.50,0.80,5.54,0.00,45.84,2
440,2016,1,2,6,2,2,4,18.62,1832,52.00,0.80,5.54,11.67,70.01,1
441,2016,1,2,6,2,2,4,17.74,1499,52.00,0.80,5.54,14.58,72.92,1
442,2016,1,2,6,2,3,1,6.37,727,19.00,0.80,0.00,0.00,19.80,2
443,2016,1,2,6,2,2,4,18.00,1765,52.00,0.80,5.54,2.00,60.34,1
444,2016,1,2,6,2,4,2,17.48,1539,52.00,0.80,5.54,6.66,65.00,1
445,2016,1,2,6,2,4,3,11.80,1525,35.00,0.80,5.54,0.00,41.34,2
446,2016,1,2,6,2,3,1,11.72,1160,33.00,0.80,0.00,0.00,33.80,2
447,2016,1,2,6,2,2,6,7.70,814,22.50,0.80,0.00,2.00,25.30,1
448,2016,1,2,6,2,4,3,11.30,984,31.50,0.80,5.54,0.00,37.84,2
449,2016,1,2,6,2,4,3,10.60,1313,31.50,0.80,5.54,37.84,75.68,1
450,2016,1,2,6,2,4,3,8.07,891,24.00,0.80,5.54,6.07,36.41,1
451,2016,1,2,6,2,4,3,9.65,1360,29.00,0.80,0.00,0.00,29.80,2
452,2016,1,2,6,2,3,0,11.22,957,31.00,0.80,5.54,0.00,37.34,2
453,2016,1,2,6,2,3,6,8.81,760,25.00,0.80,0.00,6.45,32.25,1
454,2016,1,2,6,2,3,4,9.84,989,28.00,0.80,5.54,0.00,34.34,2
455,2016,1,2,6,2,2,4,18.98,1707,52.00,0.80,5.54,11.67,70.01,1
456,2016,1,2,6,2,4,3,9.49,1084,27.50,0.80,5.54,8.46,42.30,1
457,2016,1,2,6,2,3,4,10.20,1476,31.00,0.80,5.54,5.00,42.34,1
458,2016,1,2,6,2,4,2,18.10,2002,52.00,0.80,5.54,0.00,58.34,2
459,2016,1,2,6,2,3,1,9.50,1270,29.00,0.80,0.00,8.94,38.74,1
460,2016,1,2,6,2,3,4,10.10,1248,31.00,0.80,5.54,5.00,42.34,1
461,2016,1,2,6,2,4,3,11.00,1274,31.50,0.80,5.54,7.55,45.39,1
462,2016,1,2,6,2,3,4,8.43,2427,32.50,0.80,0.00,0.00,33.30,2
463,2016,1,2,6,2,4,3,9.80,1259,29.00,0.80,5.54,7.06,42.40,1
464,2016,1,2,6,2,2,4,20.24,2013,52.00,0.80,5.54,11.67,70.01,1
465,2016,1,2,6,2,4,2,20.69,2140,52.00,0.80,5.54,11.67,70.01,1
466,2016,1,2,6,2,4,2,16.80,1642,52.00,0.80,5.54,0.00,58.34,2
467,2016,1,2,6,2,4,3,10.57,897,29.50,0.80,0.00,0.00,30.30,2
468,2016,1,2,6,2,4,3,10.20,1483,31.00,0.80,5.54,7.00,44.34,1
469,2016,1,2,6,2,3,4,7.60,1008,23.50,0.80,5.54,5.95,35.79,1
470,2016,1,2,6,2,3,1,9.46,1189,27.50,0.80,0.00,0.00,28.30,2
471,2016,1,2,6,2,2,1,16.10,1484,44.00,0.80,0.00,10.00,54.80,1
472,2016,1,2,6,2,4,2,17.41,85032,52.00,0.80,5.54,0.00,58.34,1
473,2016,1,2,6,2,2,4,17.70,1692,52.00,0.80,5.54,11.67,70.01,1
474,2016,1,2,6,2,3,0,10.30,1182,30.00,0.80,5.54,0.00,36.34,1
475,2016,1,2,6,2,4,2,17.61,1506,52.00,0.80,0.00,0.00,52.80,2
476,2016,1,2,6,2,3,4,15.25,1400,41.00,0.80,5.54,4.00,51.34,1
477,2016,1,2,6,2,2,4,18.20,2060,52.00,0.80,5.54,11.65,69.99,1
478,2016,1,2,6,2,4,2,16.70,1382,52.00,0.80,5.54,0.00,58.34,2
479,2016,1,2,6,2,2,4,18.80,1830,52.00,0.80,5.54,11.65,69.99,1
480,2016,1,2,6,2,4,3,9.49,965,27.00,0.80,5.54,6.67,40.01,1
481,2016,1,2,6,2,2,1,9.90,1399,30.00,0.80,0.00,5.00,35.80,1
482,2016,1,2,6,2,4,3,11.61,1178,33.00,0.80,0.00,6.76,40.56,1
483,2016,1,2,6,2,3,1,11.02,1171,31.00,0.80,0.00,0.00,31.80,2
484,2016,1,2,6,2,3,1,10.26,1219,29.50,0.80,0.00,4.70,35.00,1
485,2016,1,2,6,2,3,4,9.83,1167,28.50,0.80,5.54,5.00,39.84,1
486,2016,1,2,6,2,4,2,18.16,1569,52.00,0.80,5.54,11.67,70.01,1
487,2016,1,2,6,2,3,1,9.50,1198,28.00,0.80,0.00,0.00,28.80,1
488,2016,1,2,6,2,3,1,20.65,2128,57.00,0.80,0.00,0.00,57.80,2
489,2016,1,2,6,2,3,4,10.73,1242,31.00,0.80,0.00,4.00,35.80,1
490,2016,1,2,6,2,3,4,7.50,773,21.50,0.80,5.54,5.55,33.39,1
491,2016,1,2,6,2,2,6,13.70,1230,38.00,0.80,0.00,7.75,46.55,1
492,2016,1,2,6,2,3,4,8.01,1346,25.50,0.80,5.54,6.37,38.21,1
493,2016,1,2,6,2,3,4,11.58,1860,36.00,0.80,5.54,8.47,50.81,1
494,2016,1,2,6,2,4,3,8.70,736,24.50,0.80,5.54,6.15,36.99,1
495,2016,1,2,6,2,3,4,11.10,1648,34.00,0.80,5.54,8.05,48.39,1
496,2016,1,2,6,2,3,4,15.30,1416,42.00,0.80,5.54,5.00,53.34,1
497,2016,1,2,6,2,3,6,3.17,528,11.50,0.80,0.00,2.46,14.76,1
498,2016,1,2,6,2,3,1,7.91,1065,24.00,0.80,0.00,4.96,29.76,1
499,2016,1,2,6,2,3,4,9.42,942,26.50,0.80,5.54,0.00,32.84,2
500,2016,1,2,6,2,3,4,10.00,1119,29.00,0.80,5.54,7.05,42.39,1
501,2016,1,2,6,2,3,4,9.70,1002,27.50,0.80,5.54,6.75,40.59,1
502,2016,1,2,6,3,3,1,11.60,1702,36.00,0.80,0.00,3.00,39.80,1
503,2016,1,2,6,3,4,3,10.80,1489,32.00,0.80,0.00,9.80,42.60,1
504,2016,1,2,6,3,3,6,4.14,500,13.00,0.80,0.00,0.00,13.80,2
505,2016,1,2,6,3,2,4,18.30,2642,52.00,0.80,0.00,0.00,52.80,1
506,2016,1,2,6,3,4,2,16.70,1301,52.00,0.80,5.33,11.62,69.75,1
507,2016,1,2,6,3,3,4,10.05,1224,29.50,0.80,0.00,4.00,34.30,1
508,2016,1,2,6,3,3,6,4.32,867,15.00,0.80,0.00,3.95,19.75,1
509,2016,1,2,6,3,3,6,4.10,828,15.00,0.80,0.00,3.15,18.95,1
510,2016,1,2,6,3,4,2,15.90,1247,52.00,0.80,5.54,14.58,72.92,1
511,2016,1,2,6,3,2,4,18.25,2108,52.00,0.80,5.54,11.67,70.01,1
512,2016,1,2,6,3,2,4,17.73,1694,52.00,0.80,0.00,10.56,63.36,1
513,2016,1,2,6,3,2,4,19.13,2739,52.00,0.80,0.00,5.00,57.80,1
514,2016,1,2,6,3,3,1,7.50,920,22.50,0.80,0.00,4.65,27.95,1
515,2016,1,2,6,3,4,2,17.08,1590,52.00,0.80,5.54,11.67,70.01,1
516,2016,1,2,6,3,3,6,3.08,1008,14.00,0.80,0.00,0.00,14.80,2
517,2016,1,2,6,3,3,1,9.60,1340,29.00,0.80,0.00,0.00,29.80,2
518,2016,1,2,6,3,3,4,9.76,1019,27.50,0.80,5.54,6.77,40.61,1
519,2016,1,2,6,3,2,4,18.10,2501,52.00,0.80,5.54,1.66,60.00,1
520,2016,1,2,6,3,3,4,9.80,1195,28.50,0.80,0.00,4.50,33.80,1
521,2016,1,2,6,3,4,3,11.72,2898,39.00,0.80,5.54,0.00,45.34,2
522,2016,1,2,6,3,4,2,18.33,1561,52.00,0.80,5.54,0.00,58.34,2
523,2016,1,2,6,3,4,3,9.80,1890,31.00,0.80,0.00,7.95,39.75,1
524,2016,1,2,6,3,3,4,10.00,1113,29.00,0.80,5.54,0.00,35.34,2
525,2016,1,2,6,3,3,4,9.20,2401,33.00,0.80,0.00,0.00,33.80,2
526,2016,1,2,6,3,2,2,0.00,18,2.50,0.80,0.00,0.00,3.30,3
527,2016,1,2,6,3,2,4,19.14,1893,52.00,0.80,5.54,11.67,70.01,1
528,2016,1,2,6,3,2,4,17.28,2335,52.00,0.80,0.00,10.56,63.36,1
529,2016,1,2,6,3,2,4,17.78,39545,52.00,0.80,5.54,8.75,67.09,1
530,2016,1,2,6,3,3,1,12.23,1350,34.50,0.80,0.00,0.00,35.30,2
531,2016,1,2,6,3,4,2,17.22,1769,52.00,0.80,5.54,0.00,58.34,2
532,2016,1,2,6,3,4,3,9.80,1249,28.50,0.80,5.54,0.00,34.84,2
533,2016,1,2,6,3,3,4,8.40,1041,25.00,0.80,5.54,3.00,34.34,1
534,2016,1,2,6,3,3,4,9.50,1588,30.50,0.80,5.54,0.00,36.84,2
535,2016,1,2,6,3,4,2,17.50,1859,52.00,0.80,5.54,10.00,68.34,1
536,2016,1,2,6,3,3,1,12.00,1716,35.50,0.80,0.00,10.85,47.15,1
537,2016,1,2,6,3,4,3,12.33,1668,37.00,0.80,5.54,0.00,43.34,2
538,2016,1,2,6,3,3,4,8.16,927,24.00,0.80,5.54,6.07,36.41,1
539,2016,1,2,6,3,3,4,9.28,1272,28.00,0.80,5.54,6.87,41.21,1
540,2016,1,2,6,3,4,2,17.80,2416,52.00,0.80,5.54,11.65,69.99,1
541,2016,1,2,6,3,4,2,15.93,1434,52.00,0.80,5.54,11.67,70.01,1
542,2016,1,2,6,3,2,4,21.11,2408,52.00,0.80,5.54,0.00,58.34,2
543,2016,1,2,6,3,4,3,10.50,1244,30.50,0.80,5.54,7.35,44.19,1
544,2016,1,2,6,3,4,3,10.20,1550,31.00,0.80,5.54,0.00,37.34,2
545,2016,1,2,6,3,4,2,16.80,1724,52.00,0.80,5.54,11.65,69.99,1
546,2016,1,2,6,3,4,2,17.80,2586,52.00,0.80,0.00,10.55,63.35,1
547,2016,1,2,6,3,2,3,13.10,1727,37.50,0.80,0.00,7.66,45.96,1
548,2016,1,2,6,3,3,4,8.95,1171,26.50,0.80,0.00,5.46,32.76,1
549,2016,1,2,6,3,2,4,20.90,2580,52.00,0.80,5.54,0.00,58.34,2
550,2016,1,2,6,3,2,6,16.33,2022,46.00,0.80,0.00,0.00,46.80,2
551,2016,1,2,6,3,3,4,9.11,1522,29.50,0.80,0.00,0.00,30.30,2
552,2016,1,2,6,3,4,2,17.60,2201,52.00,0.80,5.54,0.00,58.34,2
553,2016,1,2,6,3,4,3,9.20,1524,29.50,0.80,5.54,7.17,43.01,1
554,2016,1,2,6,3,4,2,18.00,2013,52.00,0.80,5.54,9.00,67.34,1
555,2016,1,2,6,3,2,4,18.80,3356,52.00,0.80,5.54,11.65,69.99,1
556,2016,1,2,6,3,2,4,17.80,3136,52.00,0.80,5.54,0.00,58.34,1
557,2016,1,2,6,3,2,4,17.70,2490,52.00,0.80,5.54,0.00,58.34,2
558,2016,1,2,6,3,3,1,10.88,1650,33.50,0.80,0.00,0.00,34.30,1
559,2016,1,2,6,3,3,6,4.60,990,16.50,0.80,0.00,3.45,20.75,1
560,2016,1,2,6,3,2,4,19.50,2869,52.00,0.80,5.54,7.50,65.84,1
561,2016,1,2,6,3,4,3,11.70,1595,35.00,0.80,5.54,0.00,41.34,2
562,2016,1,2,6,3,3,4,9.32,1261,27.50,0.80,5.54,6.00,39.84,1
563,2016,1,2,6,3,4,2,16.98,1898,52.00,0.80,5.54,0.00,58.34,2
564,2016,1,2,6,3,3,1,6.86,1008,21.00,0.80,0.00,0.00,21.80,2
565,2016,1,2,6,3,3,4,10.84,1864,33.50,0.80,0.00,6.86,41.16,1
566,2016,1,2,6,3,3,1,10.43,1419,31.00,0.80,0.00,0.00,31.80,2
567,2016,1,2,6,3,2,4,16.50,2897,52.00,0.80,5.54,5.00,63.34,1
568,2016,1,2,6,3,1,2,14.86,2024,43.00,0.80,0.00,0.00,43.80,2
569,2016,1,2,6,3,2,4,19.20,2596,52.00,0.80,5.54,11.65,69.99,1
570,2016,1,2,6,3,3,4,12.42,2363,41.00,0.80,5.54,11.84,59.18,1
571,2016,1,2,6,3,3,4,8.00,993,23.50,0.80,5.54,5.95,35.79,1
572,2016,1,2,6,3,4,2,17.20,2012,52.00,0.80,5.54,11.67,70.01,1
573,2016,1,2,6,3,3,4,10.32,1477,30.50,0.80,5.54,7.37,44.21,1
574,2016,1,2,6,3,3,2,13.18,1138,35.50,0.80,0.00,7.26,43.56,1
575,2016,1,2,6,3,2,5,34.40,6114,122.00,0.30,12.50,0.17,134.97,1
576,2016,1,2,6,3,3,1,7.20,1322,22.50,0.80,0.00,4.65,27.95,1
577,2016,1,2,6,3,3,4,10.82,1705,32.50,0.80,5.54,9.71,48.55,1
578,2016,1,2,6,3,3,1,15.70,1739,43.50,0.80,0.00,0.00,44.30,2
579,2016,1,2,6,3,4,2,17.30,2505,52.00,0.80,5.33,0.00,58.13,2
580,2016,1,2,6,3,3,1,7.64,1372,24.00,0.80,0.00,4.96,29.76,1
581,2016,1,2,6,3,2,4,17.97,3232,52.00,0.80,0.00,10.56,63.36,1
582,2016,1,2,6,3,3,6,3.37,519,11.00,0.80,0.00,2.36,14.16,1
583,2016,1,2,6,3,4,3,11.54,1707,34.00,0.80,0.00,0.00,34.80,2
584,2016,1,2,6,3,3,4,7.81,1792,27.50,0.80,0.00,5.66,33.96,1
585,2016,1,2,6,3,4,2,16.10,2917,50.50,0.80,0.00,10.25,61.55,1
586,2016,1,2,6,3,2,4,17.70,3290,52.00,0.80,5.54,14.58,72.92,1
587,2016,1,2,6,3,2,4,19.08,3442,52.00,0.80,5.54,11.67,70.01,1
588,2016,1,2,6,3,4,2,19.59,2049,52.00,0.80,5.54,0.00,58.34,2
589,2016,1,2,6,3,2,2,0.10,49,2.50,0.80,0.00,0.00,3.30,2
590,2016,1,2,6,3,3,4,6.19,832,19.00,0.80,5.54,5.07,30.41,1
591,2016,1,2,6,3,3,4,9.01,1561,28.50,0.80,5.54,0.00,34.84,2
592,2016,1,2,6,3,4,2,17.14,2021,52.00,0.80,5.54,11.67,70.01,1
593,2016,1,2,6,3,3,4,11.53,1221,31.50,0.80,5.54,0.00,37.84,2
594,2016,1,2,6,3,2,4,18.88,3044,52.00,0.80,0.00,13.20,66.00,1
595,2016,1,2,6,4,4,3,8.08,1020,24.00,0.80,5.54,6.07,36.41,1
596,2016,1,2,6,4,4,3,11.99,1315,34.00,0.80,5.54,8.07,48.41,1
597,2016,1,2,6,4,2,4,18.60,3092,52.00,0.80,5.54,10.00,68.34,1
598,2016,1,2,6,4,2,6,5.76,1603,21.00,0.80,0.00,0.00,21.80,2
599,2016,1,2,6,4,2,4,18.90,3806,52.00,0.80,5.54,0.00,58.34,2
600,2016,1,2,6,4,2,1,16.40,3045,50.00,1.80,0.00,10.35,62.15,1
601,2016,1,2,6,4,3,4,8.99,1073,26.00,0.80,5.54,7.66,40.00,1
602,2016,1,2,6,4,2,4,19.35,3061,52.00,0.80,5.54,11.67,70.01,1
603,2016,1,2,6,4,3,4,9.30,937,26.00,0.80,5.54,5.00,37.34,1
604,2016,1,2,6,4,3,4,8.40,1294,26.00,0.80,5.54,8.05,40.39,1
605,2016,1,2,6,4,4,3,10.50,2105,36.00,0.80,5.54,0.00,42.34,2
606,2016,1,2,6,4,4,3,10.80,1256,30.50,1.80,5.54,3.00,40.84,1
607,2016,1,2,6,4,4,2,17.20,1785,52.00,0.80,5.54,0.00,58.34,2
608,2016,1,2,6,4,2,4,19.66,3615,52.00,0.80,5.54,11.67,70.01,1
609,2016,1,2,6,4,3,4,8.65,1128,25.00,0.80,5.54,6.27,37.61,1
610,2016,1,2,6,4,2,4,16.62,3376,52.00,0.80,0.00,6.00,58.80,1
611,2016,1,2,6,4,2,6,14.89,1406,40.50,0.80,0.00,8.26,49.56,1
612,2016,1,2,6,4,2,6,15.28,2647,47.00,0.80,0.00,0.00,47.80,2
613,2016,1,2,6,4,2,4,19.88,2935,52.00,0.80,5.54,11.67,70.01,1
614,2016,1,2,6,4,3,1,15.00,1758,41.00,0.80,0.00,10.45,52.25,1
615,2016,1,2,6,4,3,4,8.90,1553,28.50,0.80,5.54,6.95,41.79,1
616,2016,1,2,6,4,2,4,17.30,3061,52.00,0.80,5.54,11.65,69.99,1
617,2016,1,2,6,4,2,4,18.52,3876,52.00,0.80,5.54,17.50,75.84,1
618,2016,1,2,6,4,2,4,20.48,4626,52.00,0.80,0.00,0.00,52.80,2
619,2016,1,2,6,4,2,1,12.10,2661,40.50,1.80,0.00,0.00,42.30,2
620,2016,1,2,6,4,2,3,11.18,1827,33.50,0.80,0.00,6.86,41.16,1
621,2016,1,2,6,4,3,4,8.70,1455,27.00,0.80,0.00,3.00,30.80,1
622,2016,1,2,6,4,3,4,10.13,1557,30.00,0.80,5.54,0.00,36.34,2
623,2016,1,2,6,4,2,1,20.53,2259,55.50,0.80,0.00,14.08,70.38,1
624,2016,1,2,6,4,2,4,18.30,3005,52.00,0.80,5.54,11.65,69.99,1
625,2016,1,2,6,4,4,2,15.57,2190,52.00,0.80,0.00,10.56,63.36,1
626,2016,1,2,6,4,4,2,16.30,2328,52.00,0.80,5.54,7.00,65.34,1
627,2016,1,2,6,4,4,3,11.00,1994,35.50,0.80,0.00,7.25,43.55,1
628,2016,1,2,6,4,3,1,17.51,2807,50.50,0.80,0.00,0.00,51.30,2
629,2016,1,2,6,4,2,1,22.47,3462,64.50,0.80,0.00,0.00,65.30,2
630,2016,1,2,6,4,2,4,18.00,3790,52.00,0.80,5.54,0.00,58.34,2
631,2016,1,2,6,4,3,1,9.86,1886,30.50,0.80,0.00,6.26,37.56,1
632,2016,1,2,6,4,3,1,9.68,1514,27.50,0.80,0.00,5.66,33.96,1
633,2016,1,2,6,4,2,4,17.45,2484,52.00,0.80,5.54,7.00,65.34,1
634,2016,1,2,6,4,2,1,10.96,2289,37.00,0.80,0.00,0.00,37.80,2
635,2016,1,2,6,4,3,4,9.77,1595,30.00,0.80,5.54,7.27,43.61,1
636,2016,1,2,6,4,2,6,3.90,617,13.50,1.80,0.00,3.05,18.35,1
637,2016,1,2,6,4,2,1,25.81,2639,68.50,0.80,0.00,17.32,86.62,1
638,2016,1,2,6,4,2,4,16.60,2332,52.00,0.80,5.54,0.00,58.34,1
639,2016,1,2,6,4,2,1,15.20,2001,43.00,0.80,0.00,8.76,52.56,1
640,2016,1,2,6,4,4,3,9.40,1583,30.50,0.80,0.00,4.00,35.30,1
641,2016,1,2,6,4,2,1,11.78,2429,38.50,0.80,0.00,0.00,39.30,2
642,2016,1,2,6,4,3,4,10.40,1579,30.50,1.80,0.00,6.45,38.75,1
643,2016,1,2,6,4,3,4,10.48,1431,31.50,0.80,5.54,0.00,37.84,2
644,2016,1,2,6,4,2,4,18.85,3139,52.00,0.80,0.00,8.00,60.80,1
645,2016,1,2,6,4,3,1,9.94,1618,29.50,0.80,0.00,0.00,30.30,2
646,2016,1,2,6,4,4,2,17.62,2646,52.00,0.80,5.54,11.67,70.01,1
647,2016,1,2,6,4,2,4,20.64,3062,52.00,0.80,5.54,11.67,70.01,1
648,2016,1,2,6,4,2,4,18.10,3148,52.00,0.80,5.54,6.66,65.00,1
649,2016,1,2,6,4,2,1,15.90,1805,44.00,0.80,0.00,0.00,44.80,2
650,2016,1,2,6,4,2,0,18.20,1770,48.50,0.80,5.54,0.00,54.84,2
651,2016,1,2,6,4,3,4,9.32,1260,27.00,0.80,5.54,8.34,41.68,1
652,2016,1,2,6,4,3,4,9.00,1420,27.00,0.80,5.54,6.65,39.99,1
653,2016,1,2,6,4,3,4,7.48,1044,22.50,0.80,5.54,0.00,28.84,2
654,2016,1,2,6,4,4,3,7.80,848,23.00,0.80,5.54,0.00,29.34,1
655,2016,1,2,6,4,2,1,18.69,3041,56.00,0.80,0.00,6.00,62.80,1
656,2016,1,2,6,4,4,3,10.53,2413,38.00,0.80,0.00,0.00,38.80,2
657,2016,1,2,6,4,3,4,9.65,1217,28.00,0.80,5.54,6.00,40.34,1
658,2016,1,2,6,4,2,4,16.60,3057,52.00,0.80,0.00,6.00,58.80,1
659,2016,1,2,6,4,3,4,9.66,1607,30.50,0.80,5.54,7.37,44.21,1
660,2016,1,2,6,4,3,4,9.97,1852,31.50,0.80,5.54,7.57,45.41,1
661,2016,1,2,6,4,2,4,17.60,3651,52.00,0.80,5.54,14.55,72.89,1
662,2016,1,2,6,4,3,4,10.20,2635,39.00,0.80,5.54,4.66,50.00,1
663,2016,1,2,6,4,2,4,17.25,3180,52.00,0.80,0.00,7.00,59.80,1
664,2016,1,2,6,4,3,1,11.50,2084,36.00,0.80,0.00,0.00,36.80,2
665,2016,1,2,6,4,2,4,22.17,3607,52.00,0.80,5.54,11.67,70.01,1
666,2016,1,2,6,4,2,4,18.51,2622,52.00,0.80,5.54,8.00,66.34,1
667,2016,1,2,6,4,3,4,8.90,1878,30.50,0.80,5.54,0.00,36.84,2
668,2016,1,2,6,4,3,4,10.05,1685,30.00,0.80,5.54,7.27,43.61,1
669,2016,1,2,6,4,2,4,17.10,2885,52.00,0.80,5.54,0.00,58.34,2
670,2016,1,2,6,4,3,1,10.81,1425,31.50,0.80,0.00,8.08,40.38,1
671,2016,1,2,6,4,2,1,9.90,1424,29.00,0.80,0.00,0.00,29.80,2
672,2016,1,2,6,4,2,2,2.40,434,9.50,0.80,0.00,0.00,10.30,2
673,2016,1,2,6,4,2,6,4.33,592,14.00,0.80,0.00,2.96,17.76,1
674,2016,1,2,6,4,3,6,4.31,904,15.00,0.80,0.00,0.00,15.80,2
675,2016,1,2,6,4,3,4,10.70,1343,31.00,1.80,5.54,5.00,43.34,1
676,2016,1,2,6,4,3,1,10.00,1575,30.00,0.80,0.00,7.70,38.50,1
677,2016,1,2,6,4,3,4,10.20,1906,33.00,0.80,0.00,3.00,36.80,1
678,2016,1,2,6,4,3,4,7.70,974,23.00,0.80,5.54,0.00,29.34,1
679,2016,1,2,6,4,2,4,18.80,2290,52.00,0.80,5.54,11.67,70.01,1
680,2016,1,2,6,4,2,1,11.56,2394,38.00,0.80,0.00,3.50,42.30,1
681,2016,1,2,6,4,3,4,11.80,1899,35.50,0.80,5.54,0.00,41.84,2
682,2016,1,2,6,4,2,4,21.00,3371,52.00,0.80,5.54,17.50,75.84,1
683,2016,1,2,6,4,3,4,11.60,1628,33.50,0.80,5.54,0.00,39.84,2
684,2016,1,2,6,4,3,4,8.52,1151,25.50,0.80,5.54,0.00,31.84,2
685,2016,1,2,6,4,3,4,9.70,1709,30.50,0.80,5.54,15.00,51.84,1
686,2016,1,2,6,4,3,0,13.20,1275,36.00,0.80,5.54,10.00,52.34,1
687,2016,1,2,6,4,2,4,20.00,2711,52.00,0.80,5.54,11.65,69.99,1
688,2016,1,2,6,4,2,6,11.90,2347,37.00,0.80,0.00,7.55,45.35,1
689,2016,1,2,6,4,2,6,10.70,2291,33.50,1.30,0.00,0.00,34.80,2
690,2016,1,2,6,4,2,4,18.64,2984,52.00,0.80,0.00,12.00,64.80,1
691,2016,1,2,6,4,3,4,11.84,2152,38.00,0.80,5.54,8.87,53.21,1
692,2016,1,2,6,4,3,4,10.93,1551,32.00,0.80,5.54,7.67,46.01,1
693,2016,1,2,6,4,2,6,15.07,2306,44.00,0.80,0.00,0.00,44.80,1
694,2016,1,2,6,4,2,4,18.71,2700,52.00,0.80,0.00,13.20,66.00,1
695,2016,1,2,6,4,3,4,6.96,920,21.50,0.80,5.54,5.57,33.41,1
696,2016,1,2,6,4,3,6,2.73,682,11.50,0.80,0.00,0.00,12.30,2
697,2016,1,2,6,4,2,4,18.45,3102,52.00,0.80,0.00,10.56,63.36,1
698,2016,1,2,6,4,3,1,6.70,1059,22.50,1.30,0.00,5.00,28.80,1
699,2016,1,2,6,4,2,4,17.60,2259,52.00,0.80,5.54,6.00,64.34,1
700,2016,1,2,6,4,3,1,8.80,1308,27.50,1.30,0.00,4.50,33.30,1
701,2016,1,2,6,4,3,4,7.20,966,22.00,0.80,5.54,5.65,33.99,1
702,2016,1,2,6,4,3,4,11.70,1236,33.00,1.80,0.00,6.95,41.75,1
703,2016,1,2,6,5,4,2,18.20,2993,52.00,0.80,0.00,10.55,63.35,1
704,2016,1,2,6,5,4,2,15.40,2148,52.00,0.80,5.54,8.00,66.34,1
705,2016,1,2,6,5,2,4,21.40,2905,52.00,0.80,0.00,10.55,63.35,1
706,2016,1,2,6,5,3,6,1.23,256,5.50,1.30,0.00,0.00,6.80,2
707,2016,1,2,6,5,3,6,6.25,661,18.50,1.30,0.00,0.00,19.80,2
708,2016,1,2,6,5,3,4,11.59,1381,33.00,1.30,0.00,0.00,34.30,2
709,2016,1,2,6,5,3,4,7.25,789,21.50,1.30,5.54,7.08,35.42,1
710,2016,1,2,6,5,2,6,2.99,410,10.00,1.30,0.00,0.00,11.30,2
711,2016,1,2,6,5,2,4,18.64,2649,52.00,0.80,5.54,11.67,70.01,1
712,2016,1,2,6,5,2,4,17.54,2680,52.00,0.80,0.00,0.00,52.80,2
713,2016,1,2,6,5,3,4,8.32,1985,31.00,1.30,0.00,0.00,32.30,2
714,2016,1,2,6,5,2,1,16.20,2284,46.50,1.30,0.00,5.00,52.80,1
715,2016,1,2,6,5,2,4,18.06,2389,52.00,0.80,5.54,20.00,78.34,1
716,2016,1,2,6,5,2,4,18.10,2594,52.00,0.80,5.54,10.00,68.34,1
717,2016,1,2,6,5,3,4,10.10,1076,29.00,1.30,5.54,0.00,35.84,2
718,2016,1,2,6,5,3,6,2.51,423,9.00,1.30,0.00,3.09,13.39,1
719,2016,1,2,6,5,2,0,17.32,1906,48.50,1.30,5.54,11.07,66.41,1
720,2016,1,2,6,5,2,4,18.56,2360,52.00,0.80,5.54,11.67,70.01,1
721,2016,1,2,6,5,3,4,9.70,1009,28.00,1.30,0.00,5.86,35.16,1
722,2016,1,2,6,5,3,4,9.90,1362,29.50,1.30,5.54,10.90,47.24,1
723,2016,1,2,6,5,3,4,9.44,1028,27.00,1.30,5.54,8.46,42.30,1
724,2016,1,2,6,5,3,4,11.30,1046,31.00,1.30,5.54,0.00,37.84,2
725,2016,1,2,6,5,2,4,19.70,2258,52.00,0.80,5.54,11.67,70.01,1
726,2016,1,2,6,5,3,1,15.78,1554,43.50,1.30,0.00,8.96,53.76,1
727,2016,1,2,6,5,2,1,15.63,1410,42.50,1.30,0.00,8.76,52.56,1
728,2016,1,2,6,5,2,4,18.90,2230,52.00,0.80,5.54,11.65,69.99,1
729,2016,1,2,6,5,3,6,7.83,1023,24.00,1.30,0.00,0.00,25.30,1
730,2016,1,2,6,5,2,4,19.20,1860,52.00,0.80,5.54,0.00,58.34,2
731,2016,1,2,6,5,3,4,9.47,1120,27.50,1.30,5.54,6.87,41.21,1
732,2016,1,2,6,5,2,4,22.74,2439,52.00,0.80,5.54,0.00,58.34,2
733,2016,1,2,6,5,3,4,11.30,1446,33.00,1.30,5.54,0.00,39.84,2
734,2016,1,2,6,5,2,6,14.60,1904,41.00,1.30,0.00,8.46,50.76,1
735,2016,1,2,6,5,2,4,20.62,1899,52.00,0.80,5.54,11.67,70.01,1
736,2016,1,2,6,5,3,6,5.30,808,17.50,1.30,0.00,0.00,18.80,2
737,2016,1,2,6,5,2,6,8.50,1302,25.50,1.30,0.00,5.35,32.15,1
738,2016,1,2,6,5,2,2,17.99,2157,52.00,0.80,0.00,0.00,52.80,2
739,2016,1,2,6,5,3,4,9.50,863,26.00,1.30,5.54,5.00,37.84,1
740,2016,1,2,6,5,2,4,20.69,2451,52.00,0.80,5.54,11.00,69.34,1
741,2016,1,2,6,5,3,4,12.90,1546,37.00,1.30,5.54,0.00,43.84,2
742,2016,1,2,6,5,3,4,9.50,1108,27.50,1.30,5.54,0.00,34.34,2
743,2016,1,2,6,5,3,1,10.10,1253,29.50,1.30,0.00,7.70,38.50,1
744,2016,1,2,6,5,2,4,17.93,1665,52.00,0.80,5.54,0.00,58.34,2
745,2016,1,2,6,5,2,4,18.40,2592,52.00,0.80,0.00,0.00,52.80,2
746,2016,1,2,6,5,4,2,16.50,1903,52.00,0.80,5.54,0.00,58.34,2
747,2016,1,2,6,5,2,4,21.00,2444,52.00,0.80,0.00,2.50,55.30,1
748,2016,1,2,6,5,2,6,12.66,1703,37.00,1.30,0.00,0.00,38.30,2
749,2016,1,2,6,5,2,4,18.29,2407,52.00,0.80,5.54,3.66,62.00,1
750,2016,1,2,6,5,2,1,15.70,1380,43.00,1.30,0.00,0.00,44.30,1
751,2016,1,2,6,5,2,4,17.16,1918,52.00,0.80,0.00,10.56,63.36,1
752,2016,1,2,6,5,2,4,15.80,1846,52.00,0.80,5.54,0.00,58.34,2
753,2016,1,2,6,5,3,1,10.41,1785,33.00,1.30,0.00,6.86,41.16,1
754,2016,1,2,6,5,2,1,15.20,1878,42.00,1.30,0.00,4.00,47.30,1
755,2016,1,2,6,5,3,1,10.65,1032,30.00,1.30,0.00,4.00,35.30,1
756,2016,1,2,6,5,2,1,11.94,1905,36.00,1.30,0.00,9.32,46.62,1
757,2016,1,2,6,5,2,4,17.36,2042,52.00,0.80,5.54,8.00,66.34,1
758,2016,1,2,6,5,2,4,18.81,2097,52.00,0.80,5.54,11.67,70.01,1
759,2016,1,2,6,5,2,1,9.47,1156,28.50,1.30,0.00,0.00,29.80,2
760,2016,1,2,6,5,2,4,19.05,2093,52.00,0.80,5.54,11.67,70.01,1
761,2016,1,2,6,5,3,6,3.67,628,13.00,1.30,0.00,2.86,17.16,1
762,2016,1,2,6,5,3,1,10.57,1109,30.50,1.30,0.00,6.36,38.16,1
763,2016,1,2,6,5,2,1,15.66,1853,45.00,1.30,0.00,0.00,46.30,2
764,2016,1,2,6,5,3,4,9.60,1437,30.00,1.30,5.54,7.37,44.21,1
765,2016,1,2,6,5,3,1,13.82,1132,37.00,1.30,0.00,11.49,49.79,1
766,2016,1,2,6,5,3,4,9.40,1265,29.00,1.30,5.54,0.00,35.84,2
767,2016,1,2,6,5,2,1,13.20,2163,40.00,1.30,0.00,0.00,41.30,2
768,2016,1,2,6,5,3,1,11.65,1328,34.00,1.30,0.00,8.82,44.12,1
769,2016,1,2,6,5,2,1,12.92,1993,39.00,1.30,0.00,8.00,48.30,1
770,2016,1,2,6,5,2,4,19.89,2456,52.00,0.80,0.00,8.00,60.80,1
771,2016,1,2,6,5,2,4,18.68,2104,52.00,0.80,5.54,10.00,68.34,1
772,2016,1,2,6,5,2,4,19.82,2386,52.00,0.80,5.54,11.67,70.01,1
773,2016,1,2,6,5,3,1,9.14,1295,27.50,1.30,0.00,7.20,36.00,1
774,2016,1,2,6,5,3,4,9.76,1306,28.50,1.30,0.00,8.94,38.74,1
775,2016,1,2,6,5,3,6,3.45,857,14.00,1.30,0.00,4.59,19.89,1
776,2016,1,2,6,5,3,6,1.37,372,6.50,1.30,0.00,0.00,7.80,2
777,2016,1,2,6,5,2,1,17.81,1709,47.50,1.30,0.00,0.00,48.80,1
778,2016,1,2,6,5,2,4,18.53,1908,52.00,0.80,5.54,11.67,70.01,1
779,2016,1,2,6,5,3,4,8.87,959,25.00,1.30,5.54,7.96,39.80,1
780,2016,1,2,6,5,2,6,10.68,1805,32.50,1.30,0.00,0.00,33.80,1
781,2016,1,2,6,5,3,4,10.70,1437,31.00,1.30,0.00,0.00,32.30,2
782,2016,1,2,6,5,2,6,7.50,1081,24.00,1.30,0.00,0.00,25.30,2
783,2016,1,2,6,5,2,1,12.66,1821,37.50,1.30,0.00,7.76,46.56,1
784,2016,1,2,6,5,3,4,11.75,1406,34.50,1.30,5.54,5.00,46.34,1
785,2016,1,2,6,5,3,4,6.00,931,19.50,1.30,0.00,4.15,24.95,1
786,2016,1,2,6,5,3,4,12.22,1405,35.00,1.30,0.00,7.00,43.30,1
787,2016,1,2,6,5,3,6,3.15,509,11.50,1.30,0.00,2.56,15.36,1
788,2016,1,2,6,5,2,4,17.04,1791,52.00,0.80,5.54,11.67,70.01,1
789,2016,1,2,6,5,3,4,8.70,1464,28.00,1.30,5.54,0.00,34.84,2
790,2016,1,2,6,5,3,4,8.75,785,24.50,1.30,5.54,6.27,37.61,1
791,2016,1,3,7,0,2,4,19.60,1451,52.00,0.80,5.54,10.00,68.34,1
792,2016,1,3,7,0,2,4,18.23,1706,52.00,0.80,5.54,14.58,72.92,1
793,2016,1,3,7,0,2,1,13.90,2006,41.00,1.30,0.00,8.45,50.75,1
794,2016,1,3,7,0,3,4,11.50,1199,32.50,1.30,0.00,0.00,33.80,2
795,2016,1,3,7,0,3,6,4.30,495,14.00,1.30,0.00,3.05,18.35,1
796,2016,1,3,7,0,2,4,18.18,1829,52.00,0.80,5.54,0.00,58.34,2
797,2016,1,3,7,0,3,1,9.50,1019,27.00,1.30,0.00,0.00,28.30,2
798,2016,1,3,7,0,2,4,18.30,1480,52.00,0.80,0.00,10.55,63.35,1
799,2016,1,3,7,0,2,4,21.57,2058,52.00,0.80,5.54,11.67,70.01,1
800,2016,1,3,7,0,2,4,18.28,1629,52.00,0.80,0.00,10.56,63.36,1
801,2016,1,3,7,0,3,1,12.41,1197,34.50,1.30,0.00,8.95,44.75,1
802,2016,1,3,7,0,2,4,17.10,1306,52.00,0.80,5.54,10.00,68.34,1
803,2016,1,3,7,0,2,4,18.10,1592,52.00,0.80,5.54,11.65,69.99,1
804,2016,1,3,7,0,3,4,8.90,1135,27.00,1.30,5.54,5.00,38.84,1
805,2016,1,3,7,0,3,4,10.80,1303,32.00,1.30,0.00,6.70,40.00,1
806,2016,1,3,7,0,2,4,18.23,1808,52.00,0.80,0.00,0.00,52.80,2
807,2016,1,3,7,0,2,6,12.45,1413,36.00,1.30,0.00,7.46,44.76,1
808,2016,1,3,7,0,2,4,17.19,1406,52.00,0.80,5.54,10.00,68.34,1
809,2016,1,3,7,0,4,3,8.53,797,24.50,1.30,5.54,6.27,37.61,1
810,2016,1,3,7,0,4,3,11.10,1352,33.00,1.30,5.54,0.00,39.84,1
811,2016,1,3,7,1,4,3,7.90,922,23.50,1.30,5.54,0.00,30.34,2
812,2016,1,3,7,1,4,2,17.08,1717,52.00,0.80,0.00,10.00,62.80,1
813,2016,1,3,7,1,4,3,10.55,1262,30.50,1.30,5.54,0.00,37.34,2
814,2016,1,3,7,1,4,2,17.26,1796,52.00,0.80,0.00,15.84,68.64,1
815,2016,1,3,7,1,2,4,18.77,1535,52.00,0.80,0.00,9.50,62.30,1
816,2016,1,3,7,1,4,2,19.90,1816,52.00,0.80,5.54,0.00,58.34,2
817,2016,1,3,7,1,4,2,17.21,1580,52.00,0.80,5.54,14.58,72.92,1
818,2016,1,3,7,1,2,3,14.01,1151,38.00,1.30,0.00,0.00,39.30,2
819,2016,1,3,7,1,2,4,21.07,1870,52.00,0.80,5.54,5.00,63.34,1
820,2016,1,3,7,1,2,4,18.70,1667,52.00,0.80,0.00,6.00,58.80,1
821,2016,1,3,7,1,4,3,9.25,1050,27.00,1.30,5.54,0.00,33.84,2
822,2016,1,3,7,1,2,4,17.59,2091,52.00,0.80,0.00,13.20,66.00,1
823,2016,1,3,7,1,3,4,9.10,1405,28.00,1.30,0.00,5.00,34.30,1
824,2016,1,3,7,1,4,3,11.40,1123,31.50,0.80,5.54,0.00,37.84,2
825,2016,1,3,7,1,2,1,20.24,1893,55.00,0.80,0.00,0.00,55.80,2
826,2016,1,3,7,1,4,2,16.40,1370,52.00,0.80,5.54,0.00,58.34,2
827,2016,1,3,7,1,2,6,4.08,869,15.00,0.80,0.00,0.00,15.80,2
828,2016,1,3,7,1,3,3,0.02,1,-2.50,-0.80,0.00,0.00,-3.30,3
829,2016,1,3,7,1,2,1,9.30,1335,28.00,0.80,0.00,5.75,34.55,1
830,2016,1,3,7,1,4,2,20.50,1843,52.00,0.80,5.54,14.55,72.89,1
831,2016,1,3,7,1,2,1,17.74,1435,47.50,0.80,0.00,9.66,57.96,1
832,2016,1,3,7,1,2,6,7.09,724,20.50,0.80,0.00,0.00,21.30,2
833,2016,1,3,7,1,3,4,9.44,899,26.50,0.80,5.54,4.93,37.77,1
834,2016,1,3,7,1,2,6,14.20,1369,39.50,0.80,0.00,8.05,48.35,1
835,2016,1,3,7,1,4,3,10.11,1535,31.00,0.80,0.00,7.95,39.75,1
836,2016,1,3,7,1,2,4,17.97,2128,52.00,0.80,0.00,15.84,68.64,1
837,2016,1,3,7,1,4,2,14.75,998,52.00,0.80,5.54,11.67,70.01,1
838,2016,1,3,7,1,2,4,19.80,1389,52.00,0.80,5.54,6.66,65.00,1
839,2016,1,3,7,1,3,1,13.38,2400,45.00,0.80,0.00,0.00,45.80,2
840,2016,1,3,7,1,2,1,18.50,1489,50.00,0.80,0.00,0.00,50.80,2
841,2016,1,3,7,1,2,4,18.21,1690,52.00,0.80,5.54,5.00,63.34,1
842,2016,1,3,7,1,4,2,17.11,1473,52.00,0.80,5.54,11.67,70.01,1
843,2016,1,3,7,1,4,2,16.81,1488,52.00,0.80,5.54,10.00,68.34,1
844,2016,1,3,7,1,4,2,17.60,1489,52.00,0.80,5.54,11.65,69.99,1
845,2016,1,3,7,1,2,4,16.83,1437,52.00,0.80,5.54,11.67,70.01,1
846,2016,1,3,7,1,2,4,21.80,2099,52.00,0.80,5.54,11.65,69.99,1
847,2016,1,3,7,1,2,1,12.05,1826,35.50,0.80,0.00,9.08,45.38,1
848,2016,1,3,7,1,2,4,18.70,1672,52.00,0.80,5.54,11.65,69.99,1
849,2016,1,3,7,1,2,4,18.76,1678,52.00,0.80,0.00,0.00,52.80,2
850,2016,1,3,7,1,4,2,16.80,1641,52.00,0.80,0.00,0.00,52.80,2
851,2016,1,3,7,1,2,6,14.70,1260,40.00,0.80,0.00,0.00,40.80,2
852,2016,1,3,7,1,4,3,7.67,770,22.50,0.80,5.54,5.77,34.61,1
853,2016,1,3,7,1,3,4,7.39,972,22.50,0.80,5.54,3.00,31.84,1
854,2016,1,3,7,1,2,4,19.60,1764,52.00,0.80,5.54,0.00,58.34,2
855,2016,1,3,7,1,3,4,9.55,1034,27.50,0.80,5.54,6.77,40.61,1
856,2016,1,3,7,1,4,3,11.33,1342,32.50,0.80,5.54,7.77,46.61,1
857,2016,1,3,7,1,2,4,17.81,1407,52.00,0.80,5.54,5.00,63.34,1
858,2016,1,3,7,1,2,4,17.62,1562,52.00,0.80,5.54,11.67,70.01,1
859,2016,1,3,7,1,2,1,14.36,2437,44.00,0.80,0.00,0.00,44.80,2
860,2016,1,3,7,1,4,2,21.00,1792,52.00,0.80,5.54,11.65,69.99,1
861,2016,1,3,7,2,3,3,0.00,22,27.00,0.30,0.00,0.00,27.30,1
862,2016,1,3,7,2,4,2,18.10,1522,52.00,0.80,5.54,0.00,58.34,2
863,2016,1,3,7,2,2,6,14.57,1208,39.50,0.80,0.00,5.00,45.30,1
864,2016,1,3,7,2,6,2,19.30,1720,52.00,0.80,5.54,2.00,60.34,1
865,2016,1,3,7,2,2,4,20.20,1908,52.00,0.80,5.54,5.00,63.34,1
866,2016,1,3,7,2,3,6,5.43,541,16.00,0.80,0.00,3.36,20.16,1
867,2016,1,3,7,2,2,2,28.35,2594,79.50,0.80,0.00,16.06,96.36,1
868,2016,1,3,7,2,2,4,18.81,1983,52.00,0.80,5.54,5.00,63.34,1
869,2016,1,3,7,2,2,4,18.06,1820,52.00,0.80,0.00,5.00,57.80,1
870,2016,1,3,7,2,2,2,0.02,9,2.50,0.80,0.00,0.00,3.30,2
871,2016,1,3,7,2,2,6,15.66,1370,42.50,0.80,0.00,8.66,51.96,1
872,2016,1,3,7,2,2,6,6.00,734,18.50,0.80,0.00,0.00,19.30,2
873,2016,1,3,7,2,2,4,20.79,1787,52.00,0.80,5.54,11.67,70.01,1
874,2016,1,3,7,2,3,6,2.50,467,9.50,0.80,0.00,0.00,10.30,2
875,2016,1,3,7,2,2,4,17.65,1576,52.00,0.80,5.54,0.00,58.34,2
876,2016,1,3,7,2,2,4,18.90,1634,52.00,0.80,5.54,11.67,70.01,1
877,2016,1,3,7,2,2,4,17.25,1573,52.00,0.80,11.08,0.00,63.88,2
878,2016,1,3,7,2,2,4,17.78,1512,52.00,0.80,0.00,13.20,66.00,1
879,2016,1,3,7,2,3,4,10.40,1110,30.00,0.80,5.54,0.00,36.34,2
880,2016,1,3,7,2,2,4,17.83,2113,52.00,0.80,5.54,0.00,58.34,2
881,2016,1,3,7,2,3,4,8.76,984,26.00,0.80,5.54,9.70,42.04,1
882,2016,1,3,7,2,2,4,17.90,1810,52.00,0.80,0.00,16.00,68.80,1
883,2016,1,3,7,2,3,6,3.00,506,11.00,0.80,0.00,2.35,14.15,1
884,2016,1,3,7,2,4,3,10.25,1476,31.00,0.80,0.00,0.00,31.80,2
885,2016,1,3,7,2,3,6,7.10,854,21.50,0.80,0.00,0.00,22.30,2
886,2016,1,3,7,2,3,1,11.60,1179,32.50,0.80,0.00,6.65,39.95,1
887,2016,1,3,7,2,4,3,8.99,817,25.50,0.80,8.00,0.00,34.30,2
888,2016,1,3,7,2,4,2,18.30,1987,52.00,0.80,0.00,0.00,52.80,2
889,2016,1,3,7,2,4,2,17.08,1572,52.00,0.80,5.54,0.00,58.34,2
890,2016,1,3,7,2,2,6,7.90,1094,24.00,0.80,0.00,0.00,24.80,2
891,2016,1,3,7,2,3,4,8.34,838,23.50,0.80,5.54,5.97,35.81,1
892,2016,1,3,7,2,3,4,8.72,1054,25.50,0.80,5.54,0.00,31.84,2
893,2016,1,3,7,2,4,2,18.86,1809,52.00,0.80,0.00,10.56,63.36,1
894,2016,1,3,7,2,3,4,0.00,861,9.50,0.80,5.54,9.00,24.84,1
895,2016,1,3,7,2,2,6,17.04,1677,52.00,0.80,0.00,13.20,66.00,1
896,2016,1,3,7,2,3,4,11.06,1447,33.00,0.80,0.00,6.76,40.56,1
897,2016,1,3,7,2,4,2,17.20,1503,52.00,0.80,5.54,0.00,58.34,2
898,2016,1,3,7,2,2,4,18.69,1962,52.00,0.80,5.54,0.00,58.34,2
899,2016,1,3,7,2,4,2,17.49,1744,52.00,0.80,5.54,10.00,68.34,1
900,2016,1,3,7,2,3,1,9.55,1202,28.50,0.80,0.00,0.00,29.30,2
901,2016,1,3,7,2,3,4,9.67,1220,29.00,0.80,0.00,5.96,35.76,1
902,2016,1,3,7,2,3,1,3.50,841,12.50,0.80,0.00,2.65,15.95,1
903,2016,1,3,7,2,4,3,8.59,932,25.00,0.80,5.54,6.27,37.61,1
904,2016,1,3,7,2,3,4,8.91,1118,26.50,0.80,5.54,6.57,39.41,1
905,2016,1,3,7,2,3,1,7.47,979,23.50,0.80,0.00,4.86,29.16,1
906,2016,1,3,7,2,4,3,11.25,1330,31.50,0.80,5.54,0.00,37.84,1
907,2016,1,3,7,2,4,3,12.30,1517,35.00,0.80,5.54,0.00,41.34,2
908,2016,1,3,7,2,4,3,12.80,1681,36.00,0.80,0.00,0.00,36.80,1
909,2016,1,3,7,2,4,3,8.40,834,24.00,0.80,5.54,2.00,32.34,1
910,2016,1,3,7,2,3,4,9.60,1243,28.00,0.80,5.54,5.00,39.34,1
911,2016,1,3,7,2,4,3,9.10,837,25.50,0.80,5.54,0.00,31.84,2
912,2016,1,3,7,2,2,6,15.30,1841,44.00,0.80,0.00,0.00,44.80,2
913,2016,1,3,7,2,4,3,10.20,1495,31.00,0.80,0.00,6.35,38.15,1
914,2016,1,3,7,2,3,4,10.00,1385,30.50,0.80,5.54,5.00,41.84,1
915,2016,1,3,7,2,2,4,18.00,2145,52.00,0.80,0.00,0.00,52.80,2
916,2016,1,3,7,2,4,2,19.50,1728,52.00,0.80,5.54,0.00,58.34,2
917,2016,1,3,7,2,3,4,11.24,1048,31.00,0.80,0.00,6.36,38.16,1
918,2016,1,3,7,2,4,3,9.80,1009,28.00,0.80,5.54,6.85,41.19,1
919,2016,1,3,7,2,3,4,8.17,942,24.00,0.80,5.54,4.88,35.22,1
920,2016,1,3,7,2,3,4,9.98,1371,30.00,0.80,5.54,7.27,43.61,1
921,2016,1,3,7,2,3,4,9.00,827,25.00,0.80,5.54,6.25,37.59,1
922,2016,1,3,7,2,3,6,13.40,1099,36.50,0.80,0.00,0.00,37.30,2
923,2016,1,3,7,2,3,4,12.10,1760,36.00,0.80,5.54,0.00,42.34,2
924,2016,1,3,7,2,3,4,9.80,1320,29.50,0.80,0.00,0.00,30.30,2
925,2016,1,3,7,2,4,3,9.20,869,25.50,0.80,5.54,6.36,38.20,1
926,2016,1,3,7,2,3,4,9.10,1182,27.50,0.80,5.54,10.15,43.99,1
927,2016,1,3,7,2,2,3,11.51,1091,31.50,0.80,0.00,0.00,32.30,2
928,2016,1,3,7,2,3,4,10.00,1311,30.00,0.80,5.54,9.05,45.39,1
929,2016,1,3,7,2,4,2,17.97,1743,52.00,0.80,5.54,10.00,68.34,1
930,2016,1,3,7,2,4,3,10.30,1325,30.50,0.80,5.54,7.35,44.19,1
931,2016,1,3,7,2,3,6,2.80,467,10.50,0.80,0.00,2.25,13.55,1
932,2016,1,3,7,2,4,3,12.59,1887,38.50,0.80,5.54,0.00,44.84,2
933,2016,1,3,7,2,3,0,9.80,972,28.00,0.80,5.54,0.00,34.34,2
934,2016,1,3,7,2,4,2,17.77,1543,52.00,0.80,5.54,11.67,70.01,1
935,2016,1,3,7,2,2,4,17.10,1735,52.00,0.80,5.54,5.99,64.33,1
936,2016,1,3,7,2,2,6,14.67,1480,41.00,0.80,0.00,0.00,41.80,2
937,2016,1,3,7,2,2,6,15.24,1520,42.00,0.80,0.00,8.56,51.36,1
938,2016,1,3,7,2,3,4,9.70,1452,30.50,0.80,0.00,6.25,37.55,1
939,2016,1,3,7,2,2,6,11.10,1042,30.50,0.80,0.00,0.00,31.30,2
940,2016,1,3,7,2,4,3,8.87,818,25.50,0.80,5.54,3.00,34.84,1
941,2016,1,3,7,2,2,1,26.56,2684,70.00,0.80,0.00,0.00,70.80,2
942,2016,1,3,7,2,2,4,19.00,2042,52.00,0.80,0.00,7.92,60.72,1
943,2016,1,3,7,2,2,1,14.97,1280,40.50,0.80,0.00,0.00,41.30,1
944,2016,1,3,7,2,3,4,10.80,2203,35.00,0.80,5.54,0.00,41.34,2
945,2016,1,3,7,2,3,4,15.26,2284,45.50,0.80,0.00,6.00,52.30,1
946,2016,1,3,7,2,2,4,18.17,2211,52.00,0.80,5.54,11.67,70.01,1
947,2016,1,3,7,2,4,2,17.64,2409,52.00,0.80,0.00,0.00,52.80,1
948,2016,1,3,7,2,2,0,18.00,2030,49.50,0.80,5.54,1.00,56.84,1
949,2016,1,3,7,2,3,4,9.00,1337,28.00,0.80,5.54,0.00,34.34,2
950,2016,1,3,7,2,2,4,19.56,2338,52.00,0.80,5.54,17.50,75.84,1
951,2016,1,3,7,2,2,4,17.37,1802,52.00,0.80,5.54,14.58,72.92,1
952,2016,1,3,7,2,3,4,9.24,1517,29.00,0.80,5.54,0.00,35.34,2
953,2016,1,3,7,2,4,3,10.00,903,27.50,0.80,0.00,5.65,33.95,1
954,2016,1,3,7,2,2,4,17.60,2019,52.00,0.80,0.00,0.00,52.80,2
955,2016,1,3,7,2,4,3,9.79,2686,38.50,0.80,5.54,8.97,53.81,1
956,2016,1,3,7,3,3,4,7.80,1394,26.00,0.80,5.54,5.50,37.84,1
957,2016,1,3,7,3,4,2,18.10,1755,52.00,0.80,5.54,0.00,58.34,2
958,2016,1,3,7,3,4,3,13.70,1426,38.00,0.80,5.54,8.85,53.19,1
959,2016,1,3,7,3,4,3,11.29,1436,33.50,0.80,5.54,7.00,46.84,1
960,2016,1,3,7,3,3,4,9.84,2284,35.50,0.80,5.54,0.00,41.84,2
